addr	old	new
401000	FUN_00401000	assign_two_qwords
401020	FUN_00401020	copy_3_bytes
401040	FUN_00401040	set_3_bytes
401060	FUN_00401060	Vec3_copy
401080	FUN_00401080	Vec3_set
4010b0	FUN_004010b0	store_4_dwords
4010e0	FUN_004010e0	String_ctorFromCStr
401140	FUN_00401140	Creature_zeroInit
401370	FUN_00401370	copy_4_bytes
4013a0	FUN_004013a0	String_destroy
4013d0	FUN_004013d0	getElemPtr4
4013e0	FUN_004013e0	ptr_add_offset
4013f0	FUN_004013f0	std_vector_int_at
401420	FUN_00401420	fixedpoint16_to_float
401450	FUN_00401450	vec3_sub
401490	FUN_00401490	int64_sub
4014b0	FUN_004014b0	int64_sub_timecall
4014f0	FUN_004014f0	vec3_add
401530	FUN_00401530	int64_add_timecall
401570	FUN_00401570	vec2_dot
4015a0	FUN_004015a0	vec3_dot
4015e0	FUN_004015e0	vec2_scale
401610	FUN_00401610	vec3_scale
401650	FUN_00401650	vec3_add_inplace
4016c0	FUN_004016c0	call_ptr_n_times
4016f0	FUN_004016f0	String_reserveGrow
401840	FUN_00401840	std_string_grow
4018f0	FUN_004018f0	std_allocate
401920	FUN_00401920	String_replaceRange
401a40	FUN_00401a40	String_assign
401c00	FUN_00401c00	String_erase
401ca0	FUN_00401ca0	std_fabsf
401cd0	FUN_00401cd0	Matrix4_setIdentity
401d40	FUN_00401d40	vec2_length
401d80	FUN_00401d80	vec3_length
401f50	FUN_00401f50	vec2_normalize
401fb0	FUN_00401fb0	vec3_normalize
402030	FUN_00402030	matrix_rotate_columns
402150	FUN_00402150	get_field_0x44
402160	FUN_00402160	get_field_0x48
402170	FUN_00402170	get_field_0x4c
402180	FUN_00402180	vec2_length_sq
4021b0	FUN_004021b0	vec3_length_sq
4021f0	FUN_004021f0	mat4_transform_point
4022e0	FUN_004022e0	mat4_translate_vec
4023b0	FUN_004023b0	mat4_translate
402480	FUN_00402480	std_asinf
4024a0	FUN_004024a0	std_cosf
4024c0	FUN_004024c0	std_sinf
4024e0	FUN_004024e0	std_sqrtf
402510	FUN_00402510	Vec3i64_randomize
402550	FUN_00402550	Vec3i64_toFloatScaled
4025b0	FUN_004025b0	RBNode_allocSetKey
4025f0	FUN_004025f0	RBTree_insertNode
402840	FUN_00402840	RBTree_insertRebalance
402990	FUN_00402990	vec3_store
4029b0	FUN_004029b0	CombatState_zeroInit
402a10	FUN_00402a10	int64_assign_timecall
402a40	FUN_00402a40	Copy24Bytes
402a70	FUN_00402a70	Struct_copy0x118
402b10	FUN_00402b10	RBTree_findOrInsert
402bb0	FUN_00402bb0	ptr_index_dword
402bc0	FUN_00402bc0	getField_plus0x10
402bd0	FUN_00402bd0	Vec3i64_copyAndScale
402c10	FUN_00402c10	iterator_advance_0x11c
402c30	FUN_00402c30	iterator_advance_0xc
402c50	FUN_00402c50	Vec3i64_subtract
402cb0	FUN_00402cb0	Vec3i64_add
402d10	FUN_00402d10	fixedpoint_greater
402d40	FUN_00402d40	fixedpoint_greater_call
402d80	FUN_00402d80	Int64_lessThan
402db0	FUN_00402db0	Vec3i64_scaleFixed
402e30	FUN_00402e30	int64x3_add
402e60	FUN_00402e60	int64_add
402e80	FUN_00402e80	int64x3_sub
402eb0	FUN_00402eb0	int64_sub2
402ed0	FUN_00402ed0	RBTree_destroyRec
405330	FUN_00405330	World_clearContainers
405420	FUN_00405420	std_map_find_value
405450	FUN_00405450	Vec3i64_toBlockCoords
405510	FUN_00405510	fixedpoint_to_int_floor
405570	FUN_00405570	set_flag_bits_0x114
4055a0	FUN_004055a0	std_powf
405610	FUN_00405610	copy_4_bytes_b
405660	FUN_00405660	int64_sub_shifted
405690	FUN_00405690	int64_add_shifted
4056c0	FUN_004056c0	Vec3_fixedMatMulAcc
405750	FUN_00405750	fixedpoint_less
405f20	FUN_00405f20	Column_getBlockChecked
405fd0	FUN_00405fd0	World_getBlockAt
406050	FUN_00406050	World_getBlockFloat
406100	FUN_00406100	Chunk_getColumnAt
4061d0	FUN_004061d0	get_field_0x10
4061e0	FUN_004061e0	get_bit6_of_byte3
4061f0	FUN_004061f0	check_type_low5_active
406210	FUN_00406210	Grid_lookup1024
406250	FUN_00406250	get_field_0x1c
406260	FUN_00406260	vec_op_self_wrapper
406280	FUN_00406280	get_low5bits_byte3
406290	FUN_00406290	Region_getChunkCell
406310	FUN_00406310	Vector_destroyTriples
406350	FUN_00406350	free_string_buffer
406380	FUN_00406380	store_6_dwords
4063b0	FUN_004063b0	std_list_construct
4063d0	FUN_004063d0	init_struct_fields_a
406970	FUN_00406970	CreatureAppearance_initDefault
406ad0	FUN_00406ad0	Creature_initEquipmentSlots
406ef0	FUN_00406ef0	Struct_initWithBuffer0x100
406f70	FUN_00406f70	init_buffer_256_a
406fd0	FUN_00406fd0	init_buffer_256_b
407020	FUN_00407020	Creature_construct
4072a0	FUN_004072a0	std_map_destroy
407650	FUN_00407650	std_vector_string_tidy
4076a0	FUN_004076a0	Creature_destruct
407730	FUN_00407730	copy_struct_0xac
4078d0	FUN_004078d0	compare_int_eq
4078f0	FUN_004078f0	item_struct_equals
4079c0	FUN_004079c0	compare_3_bytes_ne
4079f0	FUN_004079f0	vec3_scale_to
407a30	FUN_00407a30	RBTree_copyBeginThenInc
407a50	FUN_00407a50	RBTree_iterIncrement
407ad0	FUN_00407ad0	List_allocSentinel0x34
407b00	FUN_00407b00	List_allocSentinel0x20
407b30	FUN_00407b30	List_allocSentinel0x18
407b60	FUN_00407b60	List_allocNode0x134
407ba0	FUN_00407ba0	List_allocNode0x30
407be0	FUN_00407be0	List_allocNode0x14
407c20	FUN_00407c20	RBTree_destroyRecursive
407c80	FUN_00407c80	formula_diminishing_int
407cc0	FUN_00407cc0	mapItemTypeToSlotIndex
407d60	FUN_00407d60	formula_diminishing_float
407db0	FUN_00407db0	Combat_getAbilityCooldown
408230	FUN_00408230	creature_spawn_projectile
408300	FUN_00408300	calc_attack_power
4084b0	FUN_004084b0	Combat_getWindupAndRecovery
408f70	FUN_00408f70	calc_damage_value
409270	FUN_00409270	collect_equipped_items
4094a0	FUN_004094a0	calc_stat_variant
4095d0	FUN_004095d0	formula_scaled_a
409620	FUN_00409620	check_weapon_kind
409660	FUN_00409660	check_quest_id_match
4096b0	FUN_004096b0	Combat_canCastAbility
409740	FUN_00409740	formula_curve_b
409780	FUN_00409780	get_ability_cast_duration
409ac0	FUN_00409ac0	calc_regen_total
409d10	FUN_00409d10	get_ability_multiplier
409de0	FUN_00409de0	Combat_getResistFactor
409e60	FUN_00409e60	Creature_mapEraseRange
409f20	FUN_00409f20	Creature_mapEraseNode_str
40a1d0	FUN_0040a1d0	RBTree_eraseNode_plain
40a430	FUN_0040a430	Creature_mapEraseRange_v2
40a4f0	FUN_0040a4f0	Creature_mapEraseNode_vec
40a7a0	FUN_0040a7a0	Combat_mapLowerBound
40a7f0	FUN_0040a7f0	formula_scaled_b
40a840	FUN_0040a840	generate_entity_appearance
40ef90	FUN_0040ef90	list_find_by_id_byte
40efc0	FUN_0040efc0	get_value_range_a
40f0a0	FUN_0040f0a0	get_value_range_b
40f220	FUN_0040f220	roll_probability
40f2b0	FUN_0040f2b0	Combat_isSpecialSpiritActive
40f2f0	FUN_0040f2f0	Combat_getAbilityCastTime
40f520	FUN_0040f520	check_proc_chance
40f5a0	FUN_0040f5a0	Combat_isBlockingState
40f610	FUN_0040f610	check_ability_state
40f650	FUN_0040f650	Combat_isRangedOrSpecialOpcode
40f690	FUN_0040f690	Combat_isSpiritChanneling
40f6d0	FUN_0040f6d0	stub_return_zero
40f6e0	FUN_0040f6e0	check_falling_state
40f710	FUN_0040f710	Combat_isMeleeSwingOpcode
40f7f0	FUN_0040f7f0	is_ranged_ability_id
40f8b0	FUN_0040f8b0	is_consumable_effect
40f8f0	FUN_0040f8f0	get_ability_cooldown
40fb20	FUN_0040fb20	Combat_getAbilityResourceCost
40fc30	FUN_0040fc30	Combat_findTopThreatTarget
40fcf0	FUN_0040fcf0	Combat_getStaminaRegenRate
40fda0	FUN_0040fda0	Combat_computeMaxHealth
40ffe0	FUN_0040ffe0	get_cast_time
410010	FUN_00410010	Combat_selectNextAttackAnim
410290	FUN_00410290	Combat_selectSpiritAttackId
4103a0	FUN_004103a0	rbtree_inorder_walk
410400	FUN_00410400	Combat_updateAttackState
410690	FUN_00410690	Combat_updateAbilityAndProc
410f00	FUN_00410f00	pow2Mul
410f90	FUN_00410f90	pow2MulDiv
411040	FUN_00411040	std_list_push_back
411090	FUN_00411090	formula_inverse
4110d0	FUN_004110d0	creature_reset_state
411360	FUN_00411360	creature_init_fields
411540	FUN_00411540	calc_attack_power_b
4116f0	FUN_004116f0	formula_curve_c
411740	FUN_00411740	Combat_upsertBuffEntry
411800	FUN_00411800	Combat_getProjectileSpawnPos
411ad0	FUN_00411ad0	calc_damage_value_b
411d60	FUN_00411d60	Combat_getAbilityRecovery
4120f0	FUN_004120f0	formula_curve_d
412150	FUN_00412150	Combat_computeAttackSpeed
412300	FUN_00412300	Combat_sumEquipAttackBonus
412550	FUN_00412550	process_regen_tick
412670	FUN_00412670	vec3_normalize_to
412710	FUN_00412710	ostream_writeCString
4128da	FUN_004128da	ostream_writeCleanupHandler
412980	FUN_00412980	unwind_stream_dtor
4129a0	FUN_004129a0	ostream_sentry_dtor
4129d0	FUN_004129d0	std_vector_assign
412b00	FUN_00412b00	std_vector_allocate
412b60	FUN_00412b60	vector_reallocate
412bd0	FUN_00412bd0	vector_growToFit
412c40	FUN_00412c40	string_dataPtr
412c50	FUN_00412c50	delete_member_object
412c70	FUN_00412c70	zlib_compress_to_vector
412d00	FUN_00412d00	zlib_compress_buffer
412d90	FUN_00412d90	zlib_uncompress_to_vector
412e20	FUN_00412e20	zlib_inflate_stream
412f80	FUN_00412f80	Speech_scrambleBlob
413000	FUN_00413000	is_field4_nonzero
413010	FUN_00413010	SpeechDb_createBlobsTable
413070	FUN_00413070	SpeechDb_readBlobByKey
413130	FUN_00413130	SpeechDb_loadBlobToVector
413180	FUN_00413180	vector_resizeZero
413200	FUN_00413200	std_vector_size
413210	FUN_00413210	db_store_blob_wrapper
413240	FUN_00413240	db_upsert_blob
413420	FUN_00413420	resize_dword_array
413560	FUN_00413560	std_function_deleter
413590	FUN_00413590	std_function_deleter2
4135d0	FUN_004135d0	thread_entry_trampoline
413640	FUN_00413640	std_thread_start
4136d0	FUN_004136d0	uninitialized_copy_items
413710	FUN_00413710	struct_copy0x118
4137c0	FUN_004137c0	compare_3dword_eq_a
4137f0	FUN_004137f0	vector_calc_growth_0x118
413840	FUN_00413840	std_vector_reallocate_0x118
413940	FUN_00413940	std_vector_reserve_0x118
4139b0	FUN_004139b0	calc_defense_value
413aa0	FUN_00413aa0	get_effect_duration_a
413ac0	FUN_00413ac0	calc_dot_tick_value
413be0	FUN_00413be0	calc_heal_value
413ce0	FUN_00413ce0	Combat_equipHealthBonus
413df0	FUN_00413df0	get_material_color
414200	FUN_00414200	calc_value_ranged
414260	FUN_00414260	calc_defense_value_b
414350	FUN_00414350	Combat_equipSpeedBonus
414470	FUN_00414470	roll_random_level
414550	FUN_00414550	calc_gem_bonus
4149e0	FUN_004149e0	net_encode_field_u8
414a80	FUN_00414a80	net_encode_field_u16
414b20	FUN_00414b20	net_encode_field_u32
414bc0	FUN_00414bc0	net_encode_field_f32
414c60	FUN_00414c60	net_encode_field_vec5
414d40	FUN_00414d40	net_encode_field_struct0xac
414de0	FUN_00414de0	net_encode_field_creature
414e80	FUN_00414e80	net_encode_field_item0x118
414f20	FUN_00414f20	net_encode_field_int3
414fd0	FUN_00414fd0	net_encode_field_f32x3
415090	FUN_00415090	net_encode_field_2int_0x18
415150	FUN_00415150	net_encode_field_int2
4151f0	FUN_004151f0	net_decode_field_u8
415260	FUN_00415260	net_decode_field_u16
4152d0	FUN_004152d0	net_decode_field_u32
415340	FUN_00415340	net_decode_field_vec5
4153d0	FUN_004153d0	net_decode_field_struct0xac
415450	FUN_00415450	net_decode_field_creature
4154d0	FUN_004154d0	net_decode_field_item0x118
415550	FUN_00415550	net_decode_field_int3
4155d0	FUN_004155d0	net_decode_field_struct0x18
415660	FUN_00415660	net_decode_field_int2
4156e0	FUN_004156e0	compare_3dword_eq_b
415710	FUN_00415710	compare_3float_ne
415750	FUN_00415750	item_struct_equals_full
4159b0	FUN_004159b0	creature_items_equal
415b00	FUN_00415b00	item_not_equals
415b20	FUN_00415b20	net_encode_field_string
415be0	FUN_00415be0	net_encode_field_struct0x2c
415c90	FUN_00415c90	buffer_read_bounded
415cd0	FUN_00415cd0	net_decode_field_struct0x10
415d50	FUN_00415d50	net_decode_field_struct0x2c
415dd0	FUN_00415dd0	EntityData_serializeToStream
416210	FUN_00416210	EntityData_writeDelta
4168f0	FUN_004168f0	WriteBuffer_appendRaw
416930	FUN_00416930	malloc_thunk
416950	FUN_00416950	utf32_to_utf16
4169c0	FUN_004169c0	utf_convert_variant
416a20	FUN_00416a20	std_string_string_string
416a90	FUN_00416a90	u16string_moveConstruct
416b00	FUN_00416b00	U16String_ctorFromCStr
416b60	FUN_00416b60	XmlDoc_ctorInit
416b90	FUN_00416b90	U16String_assignFromCStr
416be0	FUN_00416be0	Iterator_notEqual
416c00	FUN_00416c00	std_wstring_operator
416c20	FUN_00416c20	compareResultToSign
416c30	FUN_00416c30	Iterator_derefAndAdvance
416c50	FUN_00416c50	std_string_Assign_rv
416cb0	FUN_00416cb0	std_string_Chassign
416d00	FUN_00416d00	CharTraits_assignFill
416d60	FUN_00416d60	U16String_reallocGrow
416ec0	FUN_00416ec0	std_wstring_Allocate
416ef0	FUN_00416ef0	Pool_allocBlock
416f80	FUN_00416f80	Pool_allocElementNode
417000	FUN_00417000	Pool_mallocAlignedBlock
417070	FUN_00417070	encodeUtf16Codepoint
4170c0	FUN_004170c0	std_string_append_count_char
417170	FUN_00417170	U16String_appendFill
417230	FUN_00417230	XmlPool_allocAttrNode
4172b0	FUN_004172b0	XmlPool_allocChildNode
4172f0	FUN_004172f0	U16String_assignSubstr
417410	FUN_00417410	U16String_assignPtrCount
417510	FUN_00417510	Xml_findAttributeByName
417590	FUN_00417590	Xml_getFirstChildHandle
4175c0	FUN_004175c0	Xml_findChildByName
417640	FUN_00417640	Xml_getFirstTextValue
417680	FUN_00417680	Transcode_dispatch
417730	FUN_00417730	Utf16BE_byteSwapToNative
417790	FUN_00417790	Utf8_toUtf16Alloc
4177e0	FUN_004177e0	XmlDoc_initPool
417890	FUN_00417890	Utf32BE_countUtf16Units
4178f0	FUN_004178f0	Utf32_toUtf16
417950	FUN_00417950	Utf32BE_toUtf16
4179e0	FUN_004179e0	Utf8_countUtf16Units
417ae0	FUN_00417ae0	Utf8_decodeToUtf16
417cc0	FUN_00417cc0	XmlDoc_freePool
417d30	FUN_00417d30	Xml_getRootHandle
417d50	FUN_00417d50	U16String_erase
417e00	FUN_00417e00	Xml_getRootValue
417e40	FUN_00417e40	Xml_detectEncoding
417f90	FUN_00417f90	Utf16_copyOrPassthrough
418000	FUN_00418000	XmlParse_selectHandler
4180a0	FUN_004180a0	Xml_loadAndParse
418160	FUN_00418160	Xml_getNodeName
418180	FUN_00418180	rapidxml_skip_whitespace_to_tag
4181d0	FUN_004181d0	rapidxml_parse_node_data
418280	FUN_00418280	Xml_normalizeTextRun
418360	FUN_00418360	rapidxml_parse_data_crlf
418410	FUN_00418410	Xml_parseMainLoop
4189b0	FUN_004189b0	Xml_parseWithSetjmp
418ab0	FUN_00418ab0	Xml_skipDoctypeSubset
418b60	FUN_00418b60	Xml_skipMarkedSection
418bd0	FUN_00418bd0	Xml_skipQuotedOrComment
418cf0	FUN_00418cf0	rapidxml_skip_attr_value_crlf
418db0	FUN_00418db0	rapidxml_parse_attr_value_crlf
418ea0	FUN_00418ea0	Xml_parseCommentOrCData
419210	FUN_00419210	Xml_parseProcInstr
419490	FUN_00419490	rapidxml_skip_attr_value
4194e0	FUN_004194e0	rapidxml_parse_attr_value
4195a0	FUN_004195a0	rapidxml_parse_attr_value_ws
419670	FUN_00419670	rapidxml_parse_attr_value_ws_ent
419770	FUN_00419770	rapidxml_parse_attr_value_trim
4198e0	FUN_004198e0	rapidxml_parse_attr_value_trim_ent
419a80	FUN_00419a80	Xml_shiftBufferForNewline
419ac0	FUN_00419ac0	Xml_scanCDataContent
419ba0	FUN_00419ba0	Xml_scanCommentContent
419c90	FUN_00419c90	decodeXmlEntity
419ef0	FUN_00419ef0	wstring_compareSubstr
419f80	FUN_00419f80	std_string_empty
419f90	FUN_00419f90	wstring_ctorFromSubstr
419fd0	FUN_00419fd0	std_Tree_Tree
41a000	FUN_0041a000	std_Tree_Tree_variant
41a030	FUN_0041a030	QuestTextNode_allocSentinel64
41a060	FUN_0041a060	MapNode_allocSentinel40
41a090	FUN_0041a090	SpeechTree_destroyRec
41a120	FUN_0041a120	Tree_destroyRec_oneStr
41a180	FUN_0041a180	SpeechMap_eraseRange
41a240	FUN_0041a240	RBTree_eraseNode
41a510	FUN_0041a510	Tree_eraseRange_variant
41a5d0	FUN_0041a5d0	RBTree_buyNodeStr
41a670	FUN_0041a670	QuestText_assignTree
41a6f0	FUN_0041a6f0	RBTree_copyRec
41a7b0	FUN_0041a7b0	RBTree_insertRebalance_41a7b0
41a9b0	FUN_0041a9b0	SpeechMap_findOrInsert
41ab00	FUN_0041ab00	SpeechMap_insertEach
41ae40	FUN_0041ae40	wstring_lessCompare
41af30	FUN_0041af30	RBTree_buyNode40
41af70	FUN_0041af70	QuestTextNode_copyRec
41b000	FUN_0041b000	isPunctuation
41b050	FUN_0041b050	Speech_parseTextToNodes
41b900	FUN_0041b900	RandomBehavior_listEmplaceCopy
41b930	FUN_0041b930	copyVec12Range
41b970	FUN_0041b970	RandomBehavior_copy
41b9e0	FUN_0041b9e0	RandomBehavior_init
41ba70	FUN_0041ba70	std_vector_operator
41ba90	FUN_0041ba90	vec12_reallocate
41bb80	FUN_0041bb80	vec12_reserveGrow
41c9e0	FUN_0041c9e0	World_getVoxelField
41cae0	FUN_0041cae0	getFieldAtFixedOffset
41caf0	FUN_0041caf0	std_list_push_back_41caf0
41cb40	FUN_0041cb40	std_vector_size_41cb40
41cba0	FUN_0041cba0	identityReturn
41ce90	FUN_0041ce90	computeLengthSquared_16_16
41d160	FUN_0041d160	floatVec3_to_byte3
41d190	FUN_0041d190	std_vector_Umove
41d240	FUN_0041d240	std_vector_Ucopy
41d270	FUN_0041d270	std_equal_Chunk_range
41d340	FUN_0041d340	std_vector_Ucopy_41d340
41d390	FUN_0041d390	std_vector_Move_backward
41d410	FUN_0041d410	std_vector_Ucopy_41d410
41d460	FUN_0041d460	std_vector_Ucopy_guarded
41d500	FUN_0041d500	std_vector_Ucopy_41d500
41d550	FUN_0041d550	std_vector_Ufill_default
41d5d0	FUN_0041d5d0	std_vector_Ufill_default_41d5d0
41d600	FUN_0041d600	std_vector_Ucopy_41d600
41d680	FUN_0041d680	std_vector_Ucopy_41d680
41d6c0	FUN_0041d6c0	std_vector_Umove_41d6c0
41d720	FUN_0041d720	std_vector_vector_copy
41d7e0	FUN_0041d7e0	struct_clear_fields_c_10
41d800	FUN_0041d800	RefCountedNode_init
41d820	FUN_0041d820	Chunk_copyAssign
41d8d0	FUN_0041d8d0	VoxelColumn_init
41d950	FUN_0041d950	std_vector_operator_41d950
41dae0	FUN_0041dae0	std_vector_operator_41dae0
41dc60	FUN_0041dc60	std_vector_operator_41dc60
41de30	FUN_0041de30	QuestText_copyStrings13
41df20	FUN_0041df20	struct_copyAssign_vec_str
41df70	FUN_0041df70	EntityData_copyAssign
41e2e0	FUN_0041e2e0	std_vector_operator_41e2e0
41e300	FUN_0041e300	std_vector_back_slot
41e320	FUN_0041e320	std_vector_Reserve
41e390	FUN_0041e390	std_vector_Reserve_41e390
41e400	FUN_0041e400	std_vector_Grow_calc
41e450	FUN_0041e450	std_vector_Reallocate
41e540	FUN_0041e540	std_vector_Reallocate_41e540
41e640	FUN_0041e640	std_vector_Reallocate_41e640
41e740	FUN_0041e740	std_vector_Reallocate_41e740
41e840	FUN_0041e840	std_vector_reserve
41e8f0	FUN_0041e8f0	std_vector_Grow_by
41e960	FUN_0041e960	std_vector_reserve_41e960
41ea10	FUN_0041ea10	std_vector_reserve_41ea10
41eab0	FUN_0041eab0	std_char_traits_compare
41eb20	FUN_0041eb20	std_vector_erase
41ebb0	FUN_0041ebb0	rbtree_node_isRed
41ebc0	FUN_0041ebc0	readCombatActionFromStream
41ed50	FUN_0041ed50	readHitFromStream
41ee20	FUN_0041ee20	World_deserializeZonePacket
41f4d0	FUN_0041f4d0	std_vector_push_back
41f5b0	FUN_0041f5b0	std_vector_push_back_41f5b0
41f640	FUN_0041f640	std_vector_resize
41f770	FUN_0041f770	std_vector_resize_41f770
41f880	FUN_0041f880	writeCombatActionToStream
41f9e0	FUN_0041f9e0	writeHitToStream
41faa0	FUN_0041faa0	World_serializeZoneSaveData
41fe60	FUN_0041fe60	VoxelColumn_setBlock
41ff00	FUN_0041ff00	World_fillVoxelColumn
41fff0	FUN_0041fff0	std_vector_size_41fff0
420020	FUN_00420020	std_vector_size_420020
420040	FUN_00420040	std_map_Buynode
420080	FUN_00420080	list_emplaceCopy40
4200d0	FUN_004200d0	std_map_insert_node_0x70
420100	FUN_00420100	std_map_insert_node_0x1c
420160	FUN_00420160	std_map_insert_node_string
420200	FUN_00420200	std_map_insert_node_wstring
4202b0	FUN_004202b0	std_map_insert_node_0x47a
4202e0	FUN_004202e0	std_map_insert_node_list
420380	FUN_00420380	std_map_insert_node_str_2
4203c0	FUN_004203c0	list_emplaceCopy24
420400	FUN_00420400	std_map_insert_node_0x28b
420430	FUN_00420430	std_map_insert_node_0x48
420470	FUN_00420470	std_map_insert_node_0x40
4204a0	FUN_004204a0	std_map_insert_node_Chunk
4204d0	FUN_004204d0	std_list_assign
420540	FUN_00420540	std_map_Copy
420600	FUN_00420600	std_map_Insert_rebalance
420810	FUN_00420810	std_map_insert_hint
420a60	FUN_00420a60	std_map_Insert_unique
420bb0	FUN_00420bb0	std_list_Assign_0x28
420c80	FUN_00420c80	std_list_Assign_str
420d50	FUN_00420d50	std_list_Assign_str2
420e20	FUN_00420e20	std_list_Assign_0x1c
420ef0	FUN_00420ef0	std_list_Assign_0x47a
420fc0	FUN_00420fc0	std_list_Assign_list
421090	FUN_00421090	std_list_Assign_str3
421160	FUN_00421160	std_list_Assign_0x18
421230	FUN_00421230	std_list_Assign_0x28b
421300	FUN_00421300	std_list_Assign_0x48
4213d0	FUN_004213d0	std_list_Assign_0x40
4214a0	FUN_004214a0	std_list_Assign_0x08b
421570	FUN_00421570	std_list_Assign
421640	FUN_00421640	std_list_Assign_0x14b
421710	FUN_00421710	std_list_Assign_0x70
4217e0	FUN_004217e0	std_list_Assign_arr_0x1c
4218b0	FUN_004218b0	std_list_Assign_arr
421980	FUN_00421980	std_vector_Ucopy_421980
4219c0	FUN_004219c0	serializeList_records_0x28
421a30	FUN_00421a30	serializeList_records_0x10
421aa0	FUN_00421aa0	serializeList_records_0x70
421b10	FUN_00421b10	serializeList_records_0x14
421b80	FUN_00421b80	serializeList_records_0x48
421bf0	FUN_00421bf0	serializeList_records_0x120
421c60	FUN_00421c60	serializeList_records_0x18
421ce0	FUN_00421ce0	serializeList_records_0x38
421d50	FUN_00421d50	serializeList_records_0x58
421dc0	FUN_00421dc0	serializeList_Chunk_0x148
421e30	FUN_00421e30	pair_set2
421e50	FUN_00421e50	std_wstring_basic_string_count_wch
421e80	FUN_00421e80	std_list_list_copy_0x28
421f20	FUN_00421f20	std_list_list_copy_str
421fc0	FUN_00421fc0	std_list_list_copy_str2
422060	FUN_00422060	std_list_list_copy_0x70
422100	FUN_00422100	std_list_list_copy_0x1c
4221a0	FUN_004221a0	std_list_list_copy_0x47a
422240	FUN_00422240	std_list_list_copy_list
4222e0	FUN_004222e0	std_list_list_copy_str3
422380	FUN_00422380	std_list_list_copy_0x18
422420	FUN_00422420	std_list_list_copy_0x28b
4224c0	FUN_004224c0	std_list_list_copy_0x48
422560	FUN_00422560	std_list_list_copy_0x40
422600	FUN_00422600	std_list_list_copy_0x08b
4226a0	FUN_004226a0	std_list_list_copy
422740	FUN_00422740	std_list_list_copy_0x14b
4227e0	FUN_004227e0	copyStruct_0x70
422890	FUN_00422890	initStruct_0x70_defaults
422a00	FUN_00422a00	copyStruct_0x47
422a90	FUN_00422a90	initStruct_0x47_zero
422af0	FUN_00422af0	initStruct_0x10_zero
422b10	FUN_00422b10	QuestText_copyStrings13_422b10
422c00	FUN_00422c00	Zone_extractChunkList
422c90	FUN_00422c90	copyStruct_0x38
422d00	FUN_00422d00	initStruct_0x38_zero
422d70	FUN_00422d70	copyStruct_head_plus_0x48
422da0	FUN_00422da0	copyStruct_0x48
422e10	FUN_00422e10	copyStruct_0x44
422f90	FUN_00422f90	EntityData_copyConstruct
423350	FUN_00423350	copyStruct_0x74
423400	FUN_00423400	Zone_copyStateContainer
423510	FUN_00423510	Connection_ctor
423700	FUN_00423700	std_Deallocate
423710	FUN_00423710	std_list_Tidy
423750	FUN_00423750	dtor_helper_428080
423770	FUN_00423770	std_list_Tidy_at_8
4239f0	FUN_004239f0	Connection_dtor
423c90	FUN_00423c90	copyStruct_0x28
423ce0	FUN_00423ce0	std_map_insert
423dd0	FUN_00423dd0	Server_worldUpdateSendLoop
426020	FUN_00426020	Connection_receiveDispatch
4267b0	FUN_004267b0	std_list_Buyheadnode_0x1180
4267f0	FUN_004267f0	buyNode120
426830	FUN_00426830	buyNode40
426870	FUN_00426870	buyNode28
4268b0	FUN_004268b0	buyNode80
4268f0	FUN_004268f0	buyNode24
426930	FUN_00426930	buyNode296
426970	FUN_00426970	buyNode64
4269b0	FUN_004269b0	buyNode96
4269f0	FUN_004269f0	std_list_Buynode_0x150
426a30	FUN_00426a30	buyNode16
426a70	FUN_00426a70	std_Tree_Buynode_0x1180
426b20	FUN_00426b20	scalar_deleting_destructor
426b80	FUN_00426b80	std_Tree_equal_range
426c20	FUN_00426c20	node_dtor_free_list_0x10
426c70	FUN_00426c70	iterator_base_plus4
426c80	FUN_00426c80	iterator_base_plus8
426d30	FUN_00426d30	vecInt_reallocate
426db0	FUN_00426db0	std_vector_Reallocate_426db0
426eb0	FUN_00426eb0	vecInt_reserveGrow
426f60	FUN_00426f60	std_list_Tidy_no_size
426fa0	FUN_00426fa0	std_list_erase
426fd0	FUN_00426fd0	std_list_erase_embedded_list
427000	FUN_00427000	game_inventoryAccumulateCount
4272d0	FUN_004272d0	game_buildItemDefinition
427fd0	FUN_00427fd0	std_basic_string_resize
428070	FUN_00428070	deref_getFirst
428080	FUN_00428080	Connection_destroyNestedLists
428100	FUN_00428100	list_destroyWstrings
428160	FUN_00428160	std_list_front_or_null
428170	FUN_00428170	std_list_operator
4281d0	FUN_004281d0	std_list_operator_4281d0
428230	FUN_00428230	std_list_operator_428230
428290	FUN_00428290	game_isEntityTypeSolid
4282d0	FUN_004282d0	game_isItemTypeStackable
4282f0	FUN_004282f0	game_itemTypeCategory
428360	FUN_00428360	std_list_push_back_428360
4283b0	FUN_004283b0	std_list_push_back_4283b0
428400	FUN_00428400	std_list_push_back_428400
428450	FUN_00428450	std_list_push_back_428450
4284a0	FUN_004284a0	std_list_push_back_4284a0
4284f0	FUN_004284f0	std_list_push_back_4284f0
428540	FUN_00428540	std_list_push_back_428540
428590	FUN_00428590	std_list_push_back_428590
4285e0	FUN_004285e0	std_list_push_back_4285e0
428630	FUN_00428630	game_appendItemEntry
4286b0	FUN_004286b0	ws2_32_send_all
4286f0	FUN_004286f0	World_getTileAtCoords
428780	FUN_00428780	accessor_dword_at_4
428930	FUN_00428930	array_index_stride32
428ee0	FUN_00428ee0	std_vector_size_428ee0
428ef0	FUN_00428ef0	wistream_extractWord
429060	FUN_00429060	wistream_extractWord_ehExit
4290d0	FUN_004290d0	std_map_Speech_allocPairNode
4291a0	FUN_004291a0	std_list_Speech_makeStrNode
429240	FUN_00429240	std_map_allocNode_intKeyStr
429280	FUN_00429280	std_map_Speech_allocEntryNode
429340	FUN_00429340	std_map_allocNode_str2
429430	FUN_00429430	std_map_copyAssign
4294b0	FUN_004294b0	rbtree_cloneSubtree
429570	FUN_00429570	std_map_insertRebalance_str2
4297a0	FUN_004297a0	std_map_insertRebalance_SpeechNode
4299b0	FUN_004299b0	std_map_insertRebalance_variantC
429bc0	FUN_00429bc0	std_map_insertRebalance_QuestText
429e40	FUN_00429e40	std_map_insertHint_intKey
42a070	FUN_0042a070	std_map_insertHint_strKey
42a260	FUN_0042a260	std_map_insertHint_strKey_Speech
42a450	FUN_0042a450	std_map_insertHint_strKey_variantC
42a640	FUN_0042a640	std_map_insertHint_strKey_QuestText
42a830	FUN_0042a830	std_map_insertLowerBound_intKey
42a970	FUN_0042a970	std_map_insertLowerBound_strKey_Speech
42aae0	FUN_0042aae0	std_map_insertLowerBound_strKey_variantC
42ac40	FUN_0042ac40	std_map_insertLowerBound_strKey_QuestText
42ada0	FUN_0042ada0	std_list_appendCopy_strNodes
42ae70	FUN_0042ae70	std_list_assignCopy_Speech
42af50	FUN_0042af50	std_use_facet_ctype_wchar
42b040	FUN_0042b040	std_list_copyCtor
42b0e0	FUN_0042b0e0	QuestText_container_copyCtor
42b180	FUN_0042b180	std_list_copyCtor_strList
42c250	FUN_0042c250	Unwind_dtor_container
42c280	FUN_0042c280	Unwind_dtor_container_42c280
42c2b0	FUN_0042c2b0	Unwind_operator_delete
42c2e0	FUN_0042c2e0	Speech_mapNode_dtor
42c350	FUN_0042c350	Unwind_operator_delete_42c350
42c3a0	FUN_0042c3a0	Unwind_dtor_thunk
42c410	FUN_0042c410	Unwind_dtor_thunk_42c410
42c6d0	FUN_0042c6d0	Unwind_nop_thunk
42c6f0	FUN_0042c6f0	std_iterator_notEqual
42c710	FUN_0042c710	std_map_subscript_intKey
42c820	FUN_0042c820	Speech_map_insertStringEntry
42c9a0	FUN_0042c9a0	std_map_insert_strToStr
42cad0	FUN_0042cad0	std_map_insert_strToStr_v2
42cea0	FUN_0042cea0	std_map_makeHeader_0x2c
42ced0	FUN_0042ced0	std_map_makeHeader_0x38
42cf00	FUN_0042cf00	std_map_allocRawNode_0x2c
42cf40	FUN_0042cf40	std_map_allocRawNode_0x38
42cf80	FUN_0042cf80	std_map_allocRawNode_0x40
42cfc0	FUN_0042cfc0	Catch_operator_delete
42d000	FUN_0042d000	Catch_operator_delete_42d000
42d040	FUN_0042d040	Catch_cleanup_thunk
42d060	FUN_0042d060	node_free_twoStrings
42d0c0	FUN_0042d0c0	QuestText_node_free
42d140	FUN_0042d140	rbtree_destroyRecursive_strNode
42d1a0	FUN_0042d1a0	rbtree_destroyRecursive_SpeechNode
42d250	FUN_0042d250	rbtree_destroyRecursive_QuestText
42d300	FUN_0042d300	std_strstreambuf_init
42d3d0	FUN_0042d3d0	std_map_lowerBound_strKey
42d420	FUN_0042d420	rbtree_max
42d440	FUN_0042d440	rbtree_min
42d460	FUN_0042d460	rbtree_rotateLeft
42d4c0	FUN_0042d4c0	Catch_operator_delete_42d4c0
42d520	FUN_0042d520	std_list_clear
42d580	FUN_0042d580	std_map_eraseRange_strNode
42d640	FUN_0042d640	std_map_eraseNode_strNode
42d8f0	FUN_0042d8f0	std_map_eraseRange_SpeechNode
42d9b0	FUN_0042d9b0	std_map_eraseNode_SpeechNode
42dc80	FUN_0042dc80	std_map_eraseRange_QuestText
42dd40	FUN_0042dd40	std_map_eraseNode_QuestText
42e000	FUN_0042e000	std_list_eraseRange
42e090	FUN_0042e090	World_findNearestEntityInRegion
42e220	FUN_0042e220	game_gridLookup1024
42e880	FUN_0042e880	game_blockLookup
42e900	FUN_0042e900	std_Fputc
42e920	FUN_0042e920	vec3b_copyBackward
42e960	FUN_0042e960	vec3b_uninitCopy
42e9a0	FUN_0042e9a0	std_use_facet
42edb0	FUN_0042edb0	memcmp3_equal
42ede0	FUN_0042ede0	vec3_div_scalar
42ee10	FUN_0042ee10	Unwind_streambuf_dtor
42ee40	FUN_0042ee40	Unwind_streambuf_dtor_42ee40
42eee0	FUN_0042eee0	std_basic_streambuf_scalar_deleting_dtor
42ef30	FUN_0042ef30	std_basic_streambuf_scalar_deleting_dtor_42ef30
42f040	FUN_0042f040	std_map_makeHeader_0x1c
42f070	FUN_0042f070	std_basic_filebuf_Endwrite
42f1c0	FUN_0042f1c0	rbtree_destroyRecursive_SpriteNode
42f250	FUN_0042f250	vec3b_reallocate
42f330	FUN_0042f330	vec3b_reserveGrow
42f440	FUN_0042f440	std_vector_free
42f480	FUN_0042f480	std_basic_filebuf_close
42f4e0	FUN_0042f4e0	std_map_eraseRange_SpriteNode
42f5a0	FUN_0042f5a0	std_map_eraseNode_SpriteNode
42f890	FUN_0042f890	std_basic_filebuf_open
42f9a0	FUN_0042f9a0	World_loadVoxelModel
42feb0	FUN_0042feb0	World_vec3i_pushBack
42ff40	FUN_0042ff40	vec3b_resize
430230	FUN_00430230	World_buildVoxelMesh
430730	FUN_00430730	game_voxelColorAt
430780	FUN_00430780	std_basic_string_assign
430870	FUN_00430870	std_Tree_Buynode
430930	FUN_00430930	std_Tree_Insert
430b40	FUN_00430b40	std_map_insert_430b40
430d70	FUN_00430d70	std_Tree_Insert_430d70
430ec0	FUN_00430ec0	Unwind_operator_delete_430ec0
430fa0	FUN_00430fa0	std_basic_string_assign_430fa0
430fe0	FUN_00430fe0	std_basic_string_assign_cstr
431020	FUN_00431020	std_map_operator
4311a0	FUN_004311a0	std_Tree_Erase_node_with_list
4311f0	FUN_004311f0	std_basic_string_replace
4312e0	FUN_004312e0	std_basic_string_append
431400	FUN_00431400	game_loadVoxelModelsFromDb
45f030	FUN_0045f030	std_list_Insert
45f080	FUN_0045f080	vec_ptr_resize
45f120	FUN_0045f120	sqlite3_value_bytes
45f160	FUN_0045f160	sqlite3_value_double
45f1d0	FUN_0045f1d0	sqlite3_value_int
45f250	FUN_0045f250	sqlite3_value_int64
45f310	FUN_0045f310	sqlite3_value_text16
45f330	FUN_0045f330	sqlite3_value_text16le
45f350	FUN_0045f350	sqlite3_value_text16be
45f370	FUN_0045f370	sqlite3_value_type
45f380	FUN_0045f380	sqlite3_value_numeric_type
45f3e0	FUN_0045f3e0	sqlite3_likeFunc
45f5b0	FUN_0045f5b0	winShmMap
45f7d0	FUN_0045f7d0	sqlite3_aggregate_context
45f850	FUN_0045f850	sqlite3_context_field_get
45f860	FUN_0045f860	sqlite3_mem_field8_get
45f870	FUN_0045f870	sqlite3_apivalue_at
45f8a0	FUN_0045f8a0	sqlite3_set_auxdata
45f950	FUN_0045f950	sqlite3_minmaxFunc
45f990	FUN_0045f990	sqlite3_result_text
45f9d0	FUN_0045f9d0	sqlite3_result_double
45fa00	FUN_0045fa00	sqlite3_result_text16le
45fa30	FUN_0045fa30	sqlite3_versionFunc
45fa70	FUN_0045fa70	sqlite3_result_text16be
45faa0	FUN_0045faa0	sqlite3_result_error_toobig
45fad0	FUN_0045fad0	sqlite3_result_error_nomem
45fb30	FUN_0045fb30	sqlite3ErrStr
45fb90	FUN_0045fb90	sqlite3_sourceidFunc
45fbd0	FUN_0045fbd0	sqlite3_result_int
45fc30	FUN_0045fc30	sqlite3_result_int64
45fc90	FUN_0045fc90	sqlite3_result_null
45fce0	FUN_0045fce0	sqlite3_scalarfunc_valueint
45fd10	FUN_0045fd10	sqlite3_result_text16
45fd50	FUN_0045fd50	sqlite3_result_text16be_45fd50
45fd90	FUN_0045fd90	sqlite3_compileoptionusedFunc
45fdc0	FUN_0045fdc0	winSetSystemCall
45fe90	FUN_0045fe90	sqlite3_result_blob
45fed0	FUN_0045fed0	sqlite3_result_value
45fee0	FUN_0045fee0	sqlite3_scalarfunc_typename
45ff40	FUN_0045ff40	sqlite3_result_int_helper
45ffa0	FUN_0045ffa0	winGetSystemCall
460010	FUN_00460010	sqlite3_result_numeric_as_text
460380	FUN_00460380	sqlite3_prepare_v2
4603f0	FUN_004603f0	winNextSystemCall
460480	FUN_00460480	sqlite3_prepare_v2_460480
4604f0	FUN_004604f0	sqlite3_prepare16
460590	FUN_00460590	sqlite3_progress_handler
4605e0	FUN_004605e0	sqlite3_busy_handler
460630	FUN_00460630	sqlite3_hexFunc
4607a0	FUN_004607a0	sqlite3_sleep
4607e0	FUN_004607e0	sqlite3_stmt_flag_get
4607f0	FUN_004607f0	sqlite3_deref_or_zero
460810	FUN_00460810	sqlite3_result_int_checked
4608d0	FUN_004608d0	sqlite3_next_stmt
460910	FUN_00460910	sqlite3_commit_hook
460960	FUN_00460960	sqlite3_rollback_hook
4609b0	FUN_004609b0	sqlite3_quote_or_blobtext
460c30	FUN_00460c30	memjrnlRead
460d00	FUN_00460d00	sqlite3_update_hook
460d50	FUN_00460d50	sqlite3AttachFunc
461310	FUN_00461310	sqlite3_global_config_set
461320	FUN_00461320	sqlite3_soft_heap_limit64
461400	FUN_00461400	sqlite3_soft_heap_limit
461420	FUN_00461420	memjrnlWrite
461530	FUN_00461530	sqlite3_juliandayFunc
461610	FUN_00461610	sqlite3_value_serialize
461bb0	FUN_00461bb0	sqlite3_datetimeFunc
461cd0	FUN_00461cd0	sqlite3_date_init_helper
461d80	FUN_00461d80	sqlite3_timeFunc
461e80	FUN_00461e80	sqlite3DetachFunc
462070	FUN_00462070	memjrnlFreePages
462150	FUN_00462150	sqlite3_dateFunc
462250	FUN_00462250	sqlite3PcacheSetCachesize
4622c0	FUN_004622c0	memjrnlClose
4622e0	FUN_004622e0	pcache1Shrink
462330	FUN_00462330	sqlite3_strftimeFunc
4628d0	FUN_004628d0	sqlite3PcachePagecount
462910	FUN_00462910	memjrnlFileSize
462930	FUN_00462930	pcache1Fetch
462b60	FUN_00462b60	winAccess
462d70	FUN_00462d70	sqlite3CompileOptionUsed
462e80	FUN_00462e80	sqlite3Win32GetDir
462eb0	FUN_00462eb0	minmaxFunc
462fe0	FUN_00462fe0	sqlite3_close
463000	FUN_00463000	sumStep
463120	FUN_00463120	sqlite3_exec
463630	FUN_00463630	pcacheManageDirtyList
4636f0	FUN_004636f0	sumFinalize
4637e0	FUN_004637e0	avgFinalize
463860	FUN_00463860	winFullPathname
463b60	FUN_00463b60	ctimeFunc
463b80	FUN_00463b80	totalFinalize
463be0	FUN_00463be0	pcache1RekeyPage
463c60	FUN_00463c60	cdateFunc
463c80	FUN_00463c80	countStep
463ce0	FUN_00463ce0	ctimestampFunc
463d00	FUN_00463d00	pcache1TruncateUnsafe
463d50	FUN_00463d50	minMaxFinalize
463e00	FUN_00463e00	sqlite3_result_error_vprintf
463e20	FUN_00463e20	pcache1Destroy
463e90	FUN_00463e90	minmaxStep
463f70	FUN_00463f70	sqlite3_result_error_vprintf_dtor
463f80	FUN_00463f80	sqlite3Reprepare
464130	FUN_00464130	sqlite3_overloadFunction
4641e0	FUN_004641e0	sqlite3VdbeMemFinalize_aggctx
464270	FUN_00464270	winDlOpen
464310	FUN_00464310	groupConcatStep
464420	FUN_00464420	sqlite3_blob_open
464c00	FUN_00464c00	sqlite3_step
464cd0	FUN_00464cd0	sqlite3_finalize
464d30	FUN_00464d30	sqlite3ValueZAccessor
464d50	FUN_00464d50	winGetLastError
464d70	FUN_00464d70	globFunc
464d90	FUN_00464d90	groupConcatFinalize
464e40	FUN_00464e40	likeFunc
464e60	FUN_00464e60	winDlSym
464e80	FUN_00464e80	sqlite3_vfs_find
464f20	FUN_00464f20	sqlite3_vfs_register
464fa0	FUN_00464fa0	sqlite3_vfs_unregister
465020	FUN_00465020	sqlite3_mutex_alloc
465040	FUN_00465040	sqlite3_mutex_free
465060	FUN_00465060	winDlClose
465070	FUN_00465070	winClose
4650e0	FUN_004650e0	sqlite3_mutex_enter_ind
465100	FUN_00465100	sqlite3_mutex_try
465120	FUN_00465120	sqlite3_mutex_leave_ind
465140	FUN_00465140	winRandomness
465200	FUN_00465200	sqlite3_db_mutex
465210	FUN_00465210	winRead
465320	FUN_00465320	sqlite3_table_column_metadata
4653d0	FUN_004653d0	pcacheConfigControl
4655a0	FUN_004655a0	winSleep
4655d0	FUN_004655d0	sqlite3_status
465630	FUN_00465630	winCurrentTimeInt64
465680	FUN_00465680	sqlite3_db_config
465720	FUN_00465720	sqlite3_db_status
465a30	FUN_00465a30	sqlite3_stmt_status
465a50	FUN_00465a50	winWrite
465ba0	FUN_00465ba0	winCurrentTime
465c00	FUN_00465c00	sqlite3_extended_result_codes
465c40	FUN_00465c40	sqlite3_last_insert_rowid
465c50	FUN_00465c50	sqlite3_changes
465c60	FUN_00465c60	sqlite3_total_changes
465c70	FUN_00465c70	sqlite3_interrupt
465c90	FUN_00465c90	sqlite3Complete
4660e0	FUN_004660e0	sqlite3_complete
4661b0	FUN_004661b0	sqlite3_busy_handler_4661b0
466210	FUN_00466210	sqlite3_busy_timeout
4662c0	FUN_004662c0	sqlite_rename_table
466390	FUN_00466390	winTruncate
466440	FUN_00466440	sqlite3_get_table
4665f0	FUN_004665f0	sqlite3_free_table
4666d0	FUN_004666d0	sqlite3_snprintf_guarded
466700	FUN_00466700	sqlite3_vxprintf_toBuf
466790	FUN_00466790	sqlite3VdbeRecordCompare
466a80	FUN_00466a80	sqlite3_snprintf_impl
466ae0	FUN_00466ae0	winSync
466b20	FUN_00466b20	sqlite3_malloc
466b40	FUN_00466b40	sqlite3_realloc
466b60	FUN_00466b60	sqlite_rename_parent
466dd0	FUN_00466dd0	sqlite3_free
466e80	FUN_00466e80	sqlite3ResetMemHighwater
466ea0	FUN_00466ea0	typeofFunc
466f30	FUN_00466f30	winFileSize
466fa0	FUN_00466fa0	sqlite3_randomness
467000	FUN_00467000	sqlite3_trace
467060	FUN_00467060	lengthFunc
467170	FUN_00467170	sqlite3_commit_hook_467170
4671c0	FUN_004671c0	sqlite3_backup_init
4672d0	FUN_004672d0	sqlite_rename_trigger
4673c0	FUN_004673c0	sqlite3BlobReadWrite
467d70	FUN_00467d70	sqlite3_rollback_hook_467d70
467dc0	FUN_00467dc0	sqlite3_blob_close
467ec0	FUN_00467ec0	sqlite3FieldAccessor20
467ed0	FUN_00467ed0	sqlite3_update_hook_467ed0
467f40	FUN_00467f40	sqlite3_get_autocommit
467f50	FUN_00467f50	sqlite3_open
467f70	FUN_00467f70	sqlite3_declare_vtab
468070	FUN_00468070	absFunc
4681c0	FUN_004681c0	winLock
468380	FUN_00468380	sqlite3StrNICmp
4683e0	FUN_004683e0	sqlite3PrepareTrampoline
4683f0	FUN_004683f0	sqlite3_log
468410	FUN_00468410	sqlite3_wal_hook
468460	FUN_00468460	instrFunc
468600	FUN_00468600	sqlite3_wal_autocheckpoint
468670	FUN_00468670	sqlite3_errcode
4686e0	FUN_004686e0	sqlite3_errcode_4686e0
468750	FUN_00468750	sqlite3_wal_checkpoint
4687f0	FUN_004687f0	sqlite3_errmsg
4688d0	FUN_004688d0	sqlite3_errmsg16
4689a0	FUN_004689a0	sqlite3_limit
4689e0	FUN_004689e0	sqlite3_vtab_config
468a70	FUN_00468a70	btreePageFlagDecode
468a90	FUN_00468a90	substrFunc
468dc0	FUN_00468dc0	winCheckReservedLock
468e30	FUN_00468e30	sqlite3_prepare
468e50	FUN_00468e50	sqlite3_prepare_v2_468e50
468e70	FUN_00468e70	winUnlock
468f40	FUN_00468f40	sqlite3_prepare16_468f40
468f60	FUN_00468f60	sqlite3_prepare16_v2
468f80	FUN_00468f80	sqlite3_column_database_name
468fa0	FUN_00468fa0	winFileControl
469150	FUN_00469150	sqlite3_bind_blob
469170	FUN_00469170	sqlite3MemMalloc
4691c0	FUN_004691c0	sqlite3_bind_double
469220	FUN_00469220	sqlite3_bind_int
469280	FUN_00469280	sqlite3MemFree
469290	FUN_00469290	sqlite3_bind_int64
4692f0	FUN_004692f0	roundFunc
4694b0	FUN_004694b0	sqlite3_bind_null
4694f0	FUN_004694f0	sqlite3MemSize
469510	FUN_00469510	sqlite3_bind_text
469530	FUN_00469530	sqlite3MemRealloc
469590	FUN_00469590	sqlite3_bind_text16
4695b0	FUN_004695b0	sqlite3_bind_value
469710	FUN_00469710	sqlite3_bind_zeroblob
469760	FUN_00469760	sqlite3MemRoundup
469770	FUN_00469770	sqlite3_column_count
4697a0	FUN_004697a0	sqlite3_column_name
4697d0	FUN_004697d0	btreeMaxLocalCalc
4697f0	FUN_004697f0	sqlite3_result_error
469830	FUN_00469830	sqlite3_clear_bindings
469940	FUN_00469940	sqlite3_bind_parameter_count
469960	FUN_00469960	upperFunc
469a30	FUN_00469a30	sqlite3_column_value
469aa0	FUN_00469aa0	sqlite3_column_text16_exec
469b10	FUN_00469b10	lowerFunc
469bd0	FUN_00469bd0	sqlite3_column_text_data
469c40	FUN_00469c40	sqlite3_column_text16_data
469cb0	FUN_00469cb0	sqlite3_step_469cb0
469f20	FUN_00469f20	sqlite3ValueNumericType
469f40	FUN_00469f40	sqlite3_column_int
469fc0	FUN_00469fc0	sqlite3_column_bytes
46a030	FUN_0046a030	randomFunc
46a100	FUN_0046a100	winOpen
46a4c0	FUN_0046a4c0	sqlite3_column_bytes16
46a520	FUN_0046a520	winDelete
46a710	FUN_0046a710	sqlite3_column_double
46a790	FUN_0046a790	sqlite3_column_int_46a790
46a7c0	FUN_0046a7c0	randomblobFunc
46a860	FUN_0046a860	sqlite3_column_int64
46a8f0	FUN_0046a8f0	sqlite3_column_text
46a920	FUN_0046a920	sqlite3_column_text16
46a950	FUN_0046a950	sqlite3_column_type
46a980	FUN_0046a980	last_insert_rowidFunc
46a9f0	FUN_0046a9f0	sqlite3_column_value_46a9f0
46aa30	FUN_0046aa30	sqlite3_clear_bindings_46aa30
46aab0	FUN_0046aab0	sqlite3_reset
46ab70	FUN_0046ab70	changesFunc
46ac30	FUN_0046ac30	total_changesFunc
46ace0	FUN_0046ace0	sqlite3_create_function
46ad10	FUN_0046ad10	winMutexAlloc
46ad70	FUN_0046ad70	winShmUnmap
46ae30	FUN_0046ae30	winMutexFree
46ae50	FUN_0046ae50	sqlite3_create_function16
46aef0	FUN_0046aef0	winMutexEnter
46af10	FUN_0046af10	winShmLock
46b0d0	FUN_0046b0d0	winMutexLeave
46b0e0	FUN_0046b0e0	sqlite3_create_function_v2
46b1c0	FUN_0046b1c0	sqlite3_aggregate_count
46b1d0	FUN_0046b1d0	sqlite3StmtBusyFlag
46b1f0	FUN_0046b1f0	sqlite3VdbeCheckSchema
46b250	FUN_0046b250	noop_return
46b260	FUN_0046b260	sqlite3_value_blob
46b2b0	FUN_0046b2b0	sqlite3_value_bytes_46b2b0
46b2f0	FUN_0046b2f0	btree_accessPayload
46b630	FUN_0046b630	fkActionName
46b680	FUN_0046b680	sqlite3VdbeExpandSqlCopy
46b6f0	FUN_0046b6f0	sqlite3VdbeAppendRow
46b780	FUN_0046b780	pager_setInAllSavepoints
46b9f0	FUN_0046b9f0	sqlite3ExprBuildBinary
46bab0	FUN_0046bab0	allSpaces
46bae0	FUN_0046bae0	btree_moveToNext
46c260	FUN_0046c260	allocateCursor
46c340	FUN_0046c340	sqlite3BuildTableInfoBlock
46c4b0	FUN_0046c4b0	allocateSpace
46c6a0	FUN_0046c6a0	btreePageComputeCellIdx
46c6c0	FUN_0046c6c0	analysisLoader
46c7b0	FUN_0046c7b0	analyzeAggregate
46ca90	FUN_0046ca90	sqlite3CodeRowTrigger
46cc20	FUN_0046cc20	fkScanChildren
46dec0	FUN_0046dec0	sqlite3_fn_46dec0
46dfa0	FUN_0046dfa0	lib_fn_46dfa0
46e020	FUN_0046e020	sqlite3_fn_46e020
46e0c0	FUN_0046e0c0	lib_fn_46e0c0
46e140	FUN_0046e140	lib_fn_46e140
46e160	FUN_0046e160	btree_balanceCleanup
46e390	FUN_0046e390	btree_writeOverflow
46e520	FUN_0046e520	sqlite3_fn_46e520
46e6b0	FUN_0046e6b0	sqlite3_fn_46e6b0
46e7e0	FUN_0046e7e0	sqlite3_fn_46e7e0
46f6f0	FUN_0046f6f0	sqlite3_fn_46f6f0
46f880	FUN_0046f880	lib_fn_46f880
46f990	FUN_0046f990	lib_fn_46f990
470300	FUN_00470300	lib_fn_470300
470360	FUN_00470360	lib_fn_470360
4706c0	FUN_004706c0	lib_fn_4706c0
4708e0	FUN_004708e0	lib_fn_4708e0
4709a0	FUN_004709a0	sqlite3_fn_4709a0
4709e0	FUN_004709e0	sqlite3_bindValue
470aa0	FUN_00470aa0	lib_fn_470aa0
470ba0	FUN_00470ba0	sqlite3_fn_470ba0
470d20	FUN_00470d20	sqlite3_fn_470d20
470f80	FUN_00470f80	sqlite3_fn_470f80
471000	FUN_00471000	sqlite3_fn_471000
471200	FUN_00471200	btree_closeCursor
4712c0	FUN_004712c0	btree_getAndInitPage
471320	FUN_00471320	btree_initPage
471550	FUN_00471550	lib_fn_471550
4715a0	FUN_004715a0	lib_fn_4715a0
4716b0	FUN_004716b0	lib_fn_4716b0
471710	FUN_00471710	btree_parseCellPtr
471850	FUN_00471850	sqlite3_fn_471850
4718a0	FUN_004718a0	lib_fn_4718a0
471910	FUN_00471910	lib_fn_471910
4719f0	FUN_004719f0	sqlite3_fn_4719f0
471aa0	FUN_00471aa0	sqlite3_fn_471aa0
471b70	FUN_00471b70	sqlite3_fn_471b70
471c20	FUN_00471c20	sqlite3_fn_471c20
471c90	FUN_00471c90	lib_fn_471c90
471d80	FUN_00471d80	sqlite3_fn_471d80
471f80	FUN_00471f80	sqlite3_fn_471f80
472010	FUN_00472010	sqlite3_fn_472010
472090	FUN_00472090	sqlite3_fn_472090
472880	FUN_00472880	btree_unlinkCursorOverflow
472980	FUN_00472980	lib_fn_472980
472b70	FUN_00472b70	lib_fn_472b70
472d10	FUN_00472d10	sqlite3_exprDelete
472d90	FUN_00472d90	sqlite3_fn_472d90
472ef0	FUN_00472ef0	lib_fn_472ef0
4731c0	FUN_004731c0	lib_fn_4731c0
473230	FUN_00473230	sqlite3_fn_473230
4733e0	FUN_004733e0	lib_fn_4733e0
473550	FUN_00473550	sqlite3_fn_473550
473660	FUN_00473660	lib_fn_473660
473790	FUN_00473790	sqlite3_fn_473790
473870	FUN_00473870	sqlite3_fn_473870
4738d0	FUN_004738d0	lib_fn_4738d0
474a90	FUN_00474a90	sqlite3_fn_474a90
474bc0	FUN_00474bc0	sqlite3_fn_474bc0
474d00	FUN_00474d00	lib_fn_474d00
474ee0	FUN_00474ee0	sqlite3_fn_474ee0
474f60	FUN_00474f60	sqlite3_fn_474f60
474fe0	FUN_00474fe0	sqlite3_column_apiExit
475040	FUN_00475040	sqlite3_columnMem
4750b0	FUN_004750b0	sqlite3_fn_4750b0
475250	FUN_00475250	lib_fn_475250
4752f0	FUN_004752f0	lib_fn_4752f0
4753b0	FUN_004753b0	lib_fn_4753b0
4754f0	FUN_004754f0	sqlite3_fn_4754f0
475680	FUN_00475680	lib_fn_475680
4757a0	FUN_004757a0	sqlite3_txnActive
4757f0	FUN_004757f0	lib_fn_4757f0
476020	FUN_00476020	lib_fn_476020
476080	FUN_00476080	lib_fn_476080
476130	FUN_00476130	sqlite3_fn_476130
4761f0	FUN_004761f0	btree_copyPayload
476240	FUN_00476240	sqlite3_fn_476240
4762d0	FUN_004762d0	sqlite3_createCollation
476470	FUN_00476470	lib_fn_476470
4765c0	FUN_004765c0	sqlite3_fn_4765c0
476810	FUN_00476810	btree_decodeFlags
4768b0	FUN_004768b0	sqlite3_fn_4768b0
476a70	FUN_00476a70	sqlite3_fn_476a70
476b80	FUN_00476b80	sqlite3_fn_476b80
476c10	FUN_00476c10	lib_fn_476c10
476c60	FUN_00476c60	sqlite3_fn_476c60
476d20	FUN_00476d20	vdbe_displayP4
476ff0	FUN_00476ff0	vdbe_runVtabCommit
477080	FUN_00477080	lib_fn_477080
4770f0	FUN_004770f0	sqlite3_fn_4770f0
4771d0	FUN_004771d0	lib_fn_4771d0
477240	FUN_00477240	lib_fn_477240
477290	FUN_00477290	lib_fn_477290
4772e0	FUN_004772e0	lib_fn_4772e0
4773d0	FUN_004773d0	sqlite3_fn_4773d0
477530	FUN_00477530	sqlite3_fn_477530
4775b0	FUN_004775b0	sqlite3_fn_4775b0
4776e0	FUN_004776e0	sqlite3_fn_4776e0
4778d0	FUN_004778d0	sqlite3_fn_4778d0
477b20	FUN_00477b20	sqlite3_fn_477b20
477c30	FUN_00477c30	sqlite3_fn_477c30
477d20	FUN_00477d20	lib_fn_477d20
477d60	FUN_00477d60	lib_fn_477d60
478460	FUN_00478460	lib_fn_478460
4789f0	FUN_004789f0	lib_fn_4789f0
478b30	FUN_00478b30	lib_fn_478b30
478bb0	FUN_00478bb0	lib_fn_478bb0
478de0	FUN_00478de0	lib_fn_478de0
478e60	FUN_00478e60	lib_fn_478e60
478f40	FUN_00478f40	lib_fn_478f40
4790b0	FUN_004790b0	lib_fn_4790b0
479150	FUN_00479150	lib_fn_479150
4791b0	FUN_004791b0	lib_fn_4791b0
479240	FUN_00479240	sqlite3_fn_479240
4792d0	FUN_004792d0	sqlite3_fn_4792d0
479360	FUN_00479360	sqlite3_fn_479360
4793f0	FUN_004793f0	sqlite3_fn_4793f0
4794b0	FUN_004794b0	sqlite3_fn_4794b0
479800	FUN_00479800	sqlite3_fn_479800
479910	FUN_00479910	sqlite3_fn_479910
4799f0	FUN_004799f0	sqlite3_findCollSeq
479af0	FUN_00479af0	hash_find
479b90	FUN_00479b90	lib_fn_479b90
479c50	FUN_00479c50	lib_fn_479c50
479db0	FUN_00479db0	sqlite3_fn_479db0
47a7a0	FUN_0047a7a0	sqlite3_fn_47a7a0
47afc0	FUN_0047afc0	lib_fn_47afc0
47b540	FUN_0047b540	sqlite3_fn_47b540
47b5a0	FUN_0047b5a0	sqlite3_fn_47b5a0
47b730	FUN_0047b730	sqlite3_fn_47b730
47bc80	FUN_0047bc80	vdbe_freeP4
47bd90	FUN_0047bd90	sqlite3_fn_47bd90
47bdc0	FUN_0047bdc0	lib_fn_47bdc0
47c0e0	FUN_0047c0e0	sqlite3_fn_47c0e0
47c340	FUN_0047c340	pager_freeSavepointBitvec
47c360	FUN_0047c360	vdbe_freeAuxRef
47c390	FUN_0047c390	hash_findEntry
47c420	FUN_0047c420	sqlite3_fn_47c420
47c5d0	FUN_0047c5d0	sqlite3_fn_47c5d0
47c700	FUN_0047c700	sqlite3_fn_47c700
47ca50	FUN_0047ca50	sqlite3_fn_47ca50
47d000	FUN_0047d000	sqlite3_fn_47d000
47d090	FUN_0047d090	sqlite3_fn_47d090
47d150	FUN_0047d150	btree_cacheCellSize
47d1b0	FUN_0047d1b0	lib_fn_47d1b0
47d250	FUN_0047d250	lib_fn_47d250
47d3d0	FUN_0047d3d0	sqlite3_fn_47d3d0
47d410	FUN_0047d410	lib_fn_47d410
47d460	FUN_0047d460	btree_getOverflowPage
47d5d0	FUN_0047d5d0	lib_fn_47d5d0
47d6f0	FUN_0047d6f0	lib_fn_47d6f0
47da70	FUN_0047da70	lib_fn_47da70
47db10	FUN_0047db10	lib_fn_47db10
47de10	FUN_0047de10	lib_fn_47de10
47de90	FUN_0047de90	sqlite3_fn_47de90
47df00	FUN_0047df00	pager_hasHotJournal
47e090	FUN_0047e090	lib_fn_47e090
47e0d0	FUN_0047e0d0	lib_fn_47e0d0
47e150	FUN_0047e150	sqlite3_fn_47e150
47e200	FUN_0047e200	sqlite3_fn_47e200
47e280	FUN_0047e280	lib_fn_47e280
47e2a0	FUN_0047e2a0	sqlite3_fn_47e2a0
47e2e0	FUN_0047e2e0	btree_clearDbPage
47e6f0	FUN_0047e6f0	sqlite3_fn_47e6f0
47e8a0	FUN_0047e8a0	pcache_pageInsert
47e910	FUN_0047e910	sqlite3_fn_47e910
47e970	FUN_0047e970	lib_fn_47e970
47ea40	FUN_0047ea40	lib_fn_47ea40
47eaa0	FUN_0047eaa0	lib_fn_47eaa0
47ebd0	FUN_0047ebd0	lib_fn_47ebd0
47ed50	FUN_0047ed50	lib_fn_47ed50
47ee40	FUN_0047ee40	lib_fn_47ee40
47f030	FUN_0047f030	lib_fn_47f030
47f090	FUN_0047f090	lib_fn_47f090
47f140	FUN_0047f140	sqlite3_fn_47f140
47f1a0	FUN_0047f1a0	lib_fn_47f1a0
47f4f0	FUN_0047f4f0	sqlite3_fn_47f4f0
47f590	FUN_0047f590	pager_journalHdrOffset
47f5f0	FUN_0047f5f0	sqlite3_fn_47f5f0
47f6a0	FUN_0047f6a0	lib_fn_47f6a0
47f780	FUN_0047f780	lib_fn_47f780
47f9a0	FUN_0047f9a0	lib_fn_47f9a0
47fc00	FUN_0047fc00	btree_readPage1
47ff80	FUN_0047ff80	sqlite3_fn_47ff80
480650	FUN_00480650	sqlite3_mallocRaw
480740	FUN_00480740	lib_fn_480740
4807d0	FUN_004807d0	sqlite3_fn_4807d0
480840	FUN_00480840	btree_putCellPtr
480a70	FUN_00480a70	lib_fn_480a70
480b10	FUN_00480b10	lib_fn_480b10
480b90	FUN_00480b90	lib_fn_480b90
480be0	FUN_00480be0	lib_fn_480be0
480c70	FUN_00480c70	lib_fn_480c70
480e10	FUN_00480e10	sqlite3_fn_480e10
4815e0	FUN_004815e0	lib_fn_4815e0
481630	FUN_00481630	sqlite3_fn_481630
4832f0	FUN_004832f0	sqlite3_fn_4832f0
483380	FUN_00483380	sqlite3_fn_483380
483460	FUN_00483460	lib_fn_483460
483490	FUN_00483490	pager_pageToOffset
4834d0	FUN_004834d0	sqlite3_openDatabase
483950	FUN_00483950	sqlite3_fn_483950
483b10	FUN_00483b10	vdbe_initPseudoCursor
483b70	FUN_00483b70	lib_fn_483b70
483ba0	FUN_00483ba0	lib_fn_483ba0
483bd0	FUN_00483bd0	pager_walCheckpointCheck
483c40	FUN_00483c40	pager_lockDbDefault
483ca0	FUN_00483ca0	pager_lockDb
483cf0	FUN_00483cf0	pager_unlockAndRollback
483d40	FUN_00483d40	pager_endTransactionCheck
483dd0	FUN_00483dd0	pager_pageCount
483e60	FUN_00483e60	pager_playbackSavepoint
484120	FUN_00484120	pager_playbackAllPages
484180	FUN_00484180	lib_fn_484180
484260	FUN_00484260	pager_syncJournal
4842a0	FUN_004842a0	pager_playbackOnePage
484370	FUN_00484370	pcache_releasePage
4843d0	FUN_004843d0	pager_unlockDb
484410	FUN_00484410	pager_writeDirtyList
4844b0	FUN_004844b0	pager_cksum
484530	FUN_00484530	pager_deleteMasterJournal
484760	FUN_00484760	pager_endTransaction
484930	FUN_00484930	pager_error
484960	FUN_00484960	pager_incrChangeCounter
484ae0	FUN_00484ae0	pager_getSavepointPtr
484b10	FUN_00484b10	pager_openJournal
484c20	FUN_00484c20	pager_playback
484f60	FUN_00484f60	pager_playbackOnePageJournal
485250	FUN_00485250	btree_invalidateAllCursors
485280	FUN_00485280	pager_truncateImage
485380	FUN_00485380	pcache_freePage
4854a0	FUN_004854a0	pager_lockWithRetry
485520	FUN_00485520	pager_writePage
4856d0	FUN_004856d0	pager_writeChangeCounter
485750	FUN_00485750	pager_commitPhaseOne
485890	FUN_00485890	lib_fn_485890
485950	FUN_00485950	lib_fn_485950
485a80	FUN_00485a80	lib_fn_485a80
486380	FUN_00486380	lib_fn_486380
486460	FUN_00486460	lib_fn_486460
486540	FUN_00486540	lib_fn_486540
4868a0	FUN_004868a0	pcache_allocPage
4869b0	FUN_004869b0	lib_fn_4869b0
486a20	FUN_00486a20	lib_fn_486a20
486af0	FUN_00486af0	pcache_freePageMem
486bf0	FUN_00486bf0	lib_fn_486bf0
486c20	FUN_00486c20	lib_fn_486c20
486c80	FUN_00486c80	lib_fn_486c80
486cc0	FUN_00486cc0	lib_fn_486cc0
486dd0	FUN_00486dd0	lib_fn_486dd0
486ea0	FUN_00486ea0	lib_fn_486ea0
486ed0	FUN_00486ed0	pcache_removeFromDirty
486f40	FUN_00486f40	btree_readCellPtrByte
487070	FUN_00487070	btree_ptrmapPageno
4870c0	FUN_004870c0	btree_ptrmapPut
4871d0	FUN_004871d0	sqlite3_fn_4871d0
487240	FUN_00487240	sqlite3_fn_487240
487510	FUN_00487510	sqlite3_fn_487510
487580	FUN_00487580	prng_nextByte
487690	FUN_00487690	pager_read32be
4876e0	FUN_004876e0	pager_readDbPage
4877e0	FUN_004877e0	pager_readJournalHeader
487a00	FUN_00487a00	pager_readMasterJournal
487b40	FUN_00487b40	lib_fn_487b40
487c30	FUN_00487c30	hash_rehash
487d80	FUN_00487d80	sqlite3_fn_487d80
487e80	FUN_00487e80	sqlite3_fn_487e80
487f30	FUN_00487f30	pager_freeSavepointArray
487fb0	FUN_00487fb0	vdbe_releaseMemArray
4880a0	FUN_004880a0	btree_releasePage
4880e0	FUN_004880e0	sqlite3_fn_4880e0
488380	FUN_00488380	btree_updateOverflowCell
4884b0	FUN_004884b0	hash_removeElement
488510	FUN_00488510	btree_unrefSharedCache
4885a0	FUN_004885a0	sqlite3_logCallback
488640	FUN_00488640	sqlite3_fn_488640
488860	FUN_00488860	sqlite3_fn_488860
4889f0	FUN_004889f0	lib_fn_4889f0
488a90	FUN_00488a90	sqlite3_fn_488a90
488b10	FUN_00488b10	sqlite3_fn_488b10
488dd0	FUN_00488dd0	sqlite3_fn_488dd0
489140	FUN_00489140	sqlite3_fn_489140
4891f0	FUN_004891f0	lib_fn_4891f0
489330	FUN_00489330	lib_fn_489330
489430	FUN_00489430	lib_fn_489430
489750	FUN_00489750	sqlite3_fn_489750
4898d0	FUN_004898d0	sqlite3_fn_4898d0
489940	FUN_00489940	sqlite3_fn_489940
489a60	FUN_00489a60	sqlite3_fn_489a60
489b10	FUN_00489b10	lib_fn_489b10
489b70	FUN_00489b70	lib_fn_489b70
489bc0	FUN_00489bc0	sqlite3_fn_489bc0
489c10	FUN_00489c10	btree_saveCursorPages
489d30	FUN_00489d30	vdbe_commitAllBtrees
48a010	FUN_0048a010	lib_fn_48a010
48a080	FUN_0048a080	lib_fn_48a080
48a1c0	FUN_0048a1c0	lib_fn_48a1c0
48a240	FUN_0048a240	sqlite3_fn_48a240
48a4d0	FUN_0048a4d0	sqlite3_fn_48a4d0
48abe0	FUN_0048abe0	sqlite3_fn_48abe0
48b2c0	FUN_0048b2c0	lib_fn_48b2c0
48b2e0	FUN_0048b2e0	sqlite3_fn_48b2e0
48b310	FUN_0048b310	btree_clearCell
48b480	FUN_0048b480	lib_fn_48b480
48b500	FUN_0048b500	lib_fn_48b500
48b530	FUN_0048b530	pager_setSectorSize
48b5a0	FUN_0048b5a0	sqlite3_fn_48b5a0
48b660	FUN_0048b660	sqlite3_setupLookaside
48b780	FUN_0048b780	sqlite3_fn_48b780
48b7c0	FUN_0048b7c0	sqlite3_fn_48b7c0
48b820	FUN_0048b820	sqlite3_fn_48b820
48b8b0	FUN_0048b8b0	sqlite3_fn_48b8b0
48b940	FUN_0048b940	abs32
48b960	FUN_0048b960	sqlite3_fn_48b960
48b9c0	FUN_0048b9c0	sqlite3_fn_48b9c0
48ba50	FUN_0048ba50	sqlite3_fn_48ba50
48bb90	FUN_0048bb90	sqlite3_fn_48bb90
48bbe0	FUN_0048bbe0	sqlite3_fn_48bbe0
48bce0	FUN_0048bce0	lib_fn_48bce0
48bd80	FUN_0048bd80	sqlite3_fn_48bd80
48bf70	FUN_0048bf70	lib_fn_48bf70
48c030	FUN_0048c030	sqlite3_fn_48c030
48c240	FUN_0048c240	sqlite3_fn_48c240
48c460	FUN_0048c460	func_buildHash
48c4f0	FUN_0048c4f0	sqlite3_fn_48c4f0
48c830	FUN_0048c830	sqlite3_fn_48c830
48c930	FUN_0048c930	sqlite3_fn_48c930
48ca70	FUN_0048ca70	sqlite3_apiExit
48cac0	FUN_0048cac0	strAccum_appendSpaces
48cc10	FUN_0048cc10	lib_fn_48cc10
48cc90	FUN_0048cc90	lib_fn_48cc90
48d2d0	FUN_0048d2d0	sqlite3_fn_48d2d0
48d300	FUN_0048d300	lib_fn_48d300
48d4b0	FUN_0048d4b0	lib_fn_48d4b0
48d540	FUN_0048d540	sqlite3_fn_48d540
48d620	FUN_0048d620	sqlite3_fn_48d620
48d6f0	FUN_0048d6f0	sqlite3_autoExtensions
48d7c0	FUN_0048d7c0	sqlite3_fn_48d7c0
48dbc0	FUN_0048dbc0	lib_fn_48dbc0
48e040	FUN_0048e040	btree_writeOverflowCursors
48e0b0	FUN_0048e0b0	sqlite3_fn_48e0b0
48e1f0	FUN_0048e1f0	sqlite3_fn_48e1f0
48e5e0	FUN_0048e5e0	lib_fn_48e5e0
48e620	FUN_0048e620	lib_fn_48e620
48e670	FUN_0048e670	lib_fn_48e670
48e8c0	FUN_0048e8c0	bitvec_clear
48e9a0	FUN_0048e9a0	bitvec_destroy
48ea60	FUN_0048ea60	bitvec_set
48ec40	FUN_0048ec40	bitvec_test
48ed00	FUN_0048ed00	sqlite3_fn_48ed00
48ed50	FUN_0048ed50	sqlite3_fn_48ed50
48efd0	FUN_0048efd0	sqlite3_fn_48efd0
48eff0	FUN_0048eff0	sqlite3_fn_48eff0
48f070	FUN_0048f070	btree_closeConnection
48f150	FUN_0048f150	btree_dropCursor
48f290	FUN_0048f290	sqlite3_fn_48f290
48f2f0	FUN_0048f2f0	btree_rollback
48f390	FUN_0048f390	btree_commitPhaseTwo
48f420	FUN_0048f420	sqlite3_fn_48f420
48f530	FUN_0048f530	sqlite3_fn_48f530
48f740	FUN_0048f740	sqlite3_fn_48f740
48f790	FUN_0048f790	sqlite3_fn_48f790
48f7e0	FUN_0048f7e0	sqlite3_fn_48f7e0
48f870	FUN_0048f870	sqlite3_fn_48f870
48f8b0	FUN_0048f8b0	sqlite3_fn_48f8b0
48f8d0	FUN_0048f8d0	sqlite3_fn_48f8d0
48f930	FUN_0048f930	sqlite3_fn_48f930
48fb70	FUN_0048fb70	sqlite3_fn_48fb70
48fbc0	FUN_0048fbc0	btree_enter
48fca0	FUN_0048fca0	btree_enterAll
48fdc0	FUN_0048fdc0	sqlite3_fn_48fdc0
48fe00	FUN_0048fe00	sqlite3_fn_48fe00
48fe50	FUN_0048fe50	sqlite3_fn_48fe50
48fe70	FUN_0048fe70	sqlite3_fn_48fe70
48fee0	FUN_0048fee0	sqlite3_fn_48fee0
48ff20	FUN_0048ff20	sqlite3_fn_48ff20
48ffe0	FUN_0048ffe0	sqlite3_fn_48ffe0
4901e0	FUN_004901e0	sqlite3_fn_4901e0
490640	FUN_00490640	sqlite3_fn_490640
4906b0	FUN_004906b0	sqlite3_fn_4906b0
4906f0	FUN_004906f0	sqlite3_fn_4906f0
490750	FUN_00490750	sqlite3BtreeLeave
490780	FUN_00490780	sqlite3BtreeLeaveAll
4907e0	FUN_004907e0	lib_fn_4907e0
490810	FUN_00490810	sqlite3_fn_490810
490880	FUN_00490880	sqlite3_fn_490880
4908e0	FUN_004908e0	lib_fn_4908e0
490c90	FUN_00490c90	lib_fn_490c90
490e00	FUN_00490e00	sqlite3BtreeOpen
491450	FUN_00491450	lib_fn_491450
491620	FUN_00491620	lib_fn_491620
4916b0	FUN_004916b0	sqlite3BtreeCommitPhaseOne
491910	FUN_00491910	sqlite3_fn_491910
4919c0	FUN_004919c0	btreeCheckReadConflicts
491a40	FUN_00491a40	sqlite3_fn_491a40
491ab0	FUN_00491ab0	sqlite3_fn_491ab0
491b30	FUN_00491b30	sqlite3_fn_491b30
491bc0	FUN_00491bc0	sqlite3_fn_491bc0
491c00	FUN_00491c00	lib_fn_491c00
491ce0	FUN_00491ce0	sqlite3_fn_491ce0
491d30	FUN_00491d30	sqlite3_fn_491d30
491f10	FUN_00491f10	sqlite3_fn_491f10
491f60	FUN_00491f60	sqlite3BtreeTripAllCursors
492040	FUN_00492040	sqlite3_fn_492040
4920e0	FUN_004920e0	sqlite3CantopenError
492110	FUN_00492110	sqlite3_fn_492110
492220	FUN_00492220	sqlite3_fn_492220
492280	FUN_00492280	lib_fn_492280
4923a0	FUN_004923a0	sqlite3_fn_4923a0
492580	FUN_00492580	sqlite3_fn_492580
492650	FUN_00492650	pcacheCleanupCursorSpace
492710	FUN_00492710	pcacheClearOverflowList
4927e0	FUN_004927e0	lib_fn_4927e0
492a10	FUN_00492a10	sqlite3_fn_492a10
492ce0	FUN_00492ce0	lib_fn_492ce0
492d70	FUN_00492d70	lib_fn_492d70
492dd0	FUN_00492dd0	lib_fn_492dd0
492f00	FUN_00492f00	lib_fn_492f00
493360	FUN_00493360	sqlite3_fn_493360
493400	FUN_00493400	lib_fn_493400
4934c0	FUN_004934c0	pcacheCompactPageArray
493630	FUN_00493630	lib_fn_493630
4936f0	FUN_004936f0	sqlite3_fn_4936f0
493750	FUN_00493750	lib_fn_493750
493790	FUN_00493790	lib_fn_493790
493af0	FUN_00493af0	sqlite3CorruptError
493b20	FUN_00493b20	sqlite3_fn_493b20
493bd0	FUN_00493bd0	sqlite3_fn_493bd0
493f20	FUN_00493f20	sqlite3CreateFunc
4940f0	FUN_004940f0	sqlite3_fn_4940f0
494960	FUN_00494960	sqlite3_fn_494960
494b00	FUN_00494b00	sqlite3PageFree
494b90	FUN_00494b90	sqlite3PageMalloc
494c20	FUN_00494c20	lib_fn_494c20
494c50	FUN_00494c50	sqlite3_fn_494c50
494cf0	FUN_00494cf0	sqlite3PageRealloc
494db0	FUN_00494db0	sqlite3PageStrdup
494e00	FUN_00494e00	lib_fn_494e00
494e40	FUN_00494e40	sqlite3_fn_494e40
494ea0	FUN_00494ea0	sqlite3_fn_494ea0
494ec0	FUN_00494ec0	lib_fn_494ec0
495300	FUN_00495300	sqlite3DeleteTable
495480	FUN_00495480	sqlite3SelectDelete
495540	FUN_00495540	lib_fn_495540
495600	FUN_00495600	sqlite3_fn_495600
4957f0	FUN_004957f0	sqlite3_fn_4957f0
495a40	FUN_00495a40	sqlite3_fn_495a40
495bc0	FUN_00495bc0	sqlite3_fn_495bc0
495df0	FUN_00495df0	sqlite3_fn_495df0
4961c0	FUN_004961c0	sqlite3_fn_4961c0
4961f0	FUN_004961f0	sqlite3ErrorWithMsg
4962b0	FUN_004962b0	lib_fn_4962b0
496370	FUN_00496370	sqlite3ExpirePreparedStatements
496390	FUN_00496390	lib_fn_496390
4963e0	FUN_004963e0	sqlite3_fn_4963e0
496440	FUN_00496440	sqlite3_fn_496440
496480	FUN_00496480	lib_fn_496480
496510	FUN_00496510	lib_fn_496510
496610	FUN_00496610	sqlite3_fn_496610
496680	FUN_00496680	sqlite3_fn_496680
4966d0	FUN_004966d0	lib_fn_4966d0
4967a0	FUN_004967a0	sqlite3_fn_4967a0
496a30	FUN_00496a30	lib_fn_496a30
496a90	FUN_00496a90	lib_fn_496a90
496ca0	FUN_00496ca0	lib_fn_496ca0
496d40	FUN_00496d40	lib_fn_496d40
496d90	FUN_00496d90	lib_fn_496d90
496df0	FUN_00496df0	lib_fn_496df0
496f30	FUN_00496f30	lib_fn_496f30
496f90	FUN_00496f90	lib_fn_496f90
497010	FUN_00497010	sqlite3_fn_497010
4970c0	FUN_004970c0	lib_fn_4970c0
497170	FUN_00497170	lib_fn_497170
497220	FUN_00497220	lib_fn_497220
4975c0	FUN_004975c0	lib_fn_4975c0
497600	FUN_00497600	sqlite3_fn_497600
497780	FUN_00497780	sqlite3_fn_497780
498470	FUN_00498470	lib_fn_498470
4984d0	FUN_004984d0	lib_fn_4984d0
498610	FUN_00498610	lib_fn_498610
498790	FUN_00498790	sqlite3ExprDelete
498830	FUN_00498830	sqlite3_fn_498830
4988a0	FUN_004988a0	lib_fn_4988a0
498b60	FUN_00498b60	lib_fn_498b60
498e10	FUN_00498e10	sqlite3_fn_498e10
498e50	FUN_00498e50	lib_fn_498e50
498e90	FUN_00498e90	lib_fn_498e90
498f00	FUN_00498f00	lib_fn_498f00
498fb0	FUN_00498fb0	sqlite3_fn_498fb0
498fe0	FUN_00498fe0	lib_fn_498fe0
499060	FUN_00499060	sqlite3ExprListDelete
499140	FUN_00499140	lib_fn_499140
4992e0	FUN_004992e0	sqlite3_fn_4992e0
499360	FUN_00499360	sqlite3_fn_499360
4993e0	FUN_004993e0	lib_fn_4993e0
4994a0	FUN_004994a0	sqlite3_fn_4994a0
4994d0	FUN_004994d0	lib_fn_4994d0
499500	FUN_00499500	sqlite3FindDbFunction
499540	FUN_00499540	lib_fn_499540
4995c0	FUN_004995c0	sqlite3FindFunction
4997b0	FUN_004997b0	lib_fn_4997b0
499af0	FUN_00499af0	lib_fn_499af0
499c30	FUN_00499c30	lib_fn_499c30
499d70	FUN_00499d70	sqlite3_fn_499d70
49a050	FUN_0049a050	sqlite3_fn_49a050
49a2b0	FUN_0049a2b0	lib_fn_49a2b0
49a350	FUN_0049a350	sqlite3_fn_49a350
49a3a0	FUN_0049a3a0	lib_fn_49a3a0
49a430	FUN_0049a430	sqlite3_fn_49a430
49a530	FUN_0049a530	sqlite3_fn_49a530
49a5b0	FUN_0049a5b0	lib_fn_49a5b0
49a610	FUN_0049a610	lib_fn_49a610
49ab00	FUN_0049ab00	sqlite3DeleteTableAux
49ac40	FUN_0049ac40	sqlite3_fn_49ac40
49ad30	FUN_0049ad30	lib_fn_49ad30
49ae70	FUN_0049ae70	lib_fn_49ae70
49aed0	FUN_0049aed0	sqlite3_fn_49aed0
49b0f0	FUN_0049b0f0	sqlite3HashInsertElement
49b170	FUN_0049b170	sqlite3_fn_49b170
49b1e0	FUN_0049b1e0	lib_fn_49b1e0
49c270	FUN_0049c270	lib_fn_49c270
49c510	FUN_0049c510	lib_fn_49c510
49c860	FUN_0049c860	lib_fn_49c860
49c920	FUN_0049c920	sqlite3Get4byte
49c950	FUN_0049c950	sqlite3_fn_49c950
49c970	FUN_0049c970	lib_fn_49c970
49ca30	FUN_0049ca30	lib_fn_49ca30
49cb00	FUN_0049cb00	sqlite3_fn_49cb00
49cb40	FUN_0049cb40	lib_fn_49cb40
49cb70	FUN_0049cb70	lib_fn_49cb70
49d250	FUN_0049d250	lib_fn_49d250
49d270	FUN_0049d270	sqlite3GetVarint
49d440	FUN_0049d440	sqlite3GetVarint32
49d4d0	FUN_0049d4d0	lib_fn_49d4d0
49d510	FUN_0049d510	lib_fn_49d510
49d5c0	FUN_0049d5c0	sqlite3PageFreeList
49d6a0	FUN_0049d6a0	sqlite3HashFind
49d6f0	FUN_0049d6f0	sqlite3HashInsert
49d800	FUN_0049d800	lib_fn_49d800
49d890	FUN_0049d890	sqlite3_fn_49d890
49d910	FUN_0049d910	sqlite3IdListDelete
49d9d0	FUN_0049d9d0	lib_fn_49d9d0
49dab0	FUN_0049dab0	sqlite3_fn_49dab0
49db30	FUN_0049db30	lib_fn_49db30
49db70	FUN_0049db70	lib_fn_49db70
49dbf0	FUN_0049dbf0	lib_fn_49dbf0
49dd10	FUN_0049dd10	lib_fn_49dd10
49ddb0	FUN_0049ddb0	sqlite3_fn_49ddb0
49de90	FUN_0049de90	sqlite3_fn_49de90
49e0a0	FUN_0049e0a0	sqlite3_fn_49e0a0
49e570	FUN_0049e570	lib_fn_49e570
49f6a0	FUN_0049f6a0	lib_fn_49f6a0
49f780	FUN_0049f780	lib_fn_49f780
49f810	FUN_0049f810	lib_fn_49f810
49f850	FUN_0049f850	lib_fn_49f850
49f8e0	FUN_0049f8e0	lib_fn_49f8e0
49f970	FUN_0049f970	sqlite3_fn_49f970
49fad0	FUN_0049fad0	sqlite3Close
49fde0	FUN_0049fde0	sqlite3_fn_49fde0
4a0000	FUN_004a0000	sqlite3_fn_4a0000
4a0080	FUN_004a0080	sqlite3_fn_4a0080
4a0120	FUN_004a0120	lib_fn_4a0120
4a0180	FUN_004a0180	sqlite3LockAndPrepare
4a0240	FUN_004a0240	sqlite3_fn_4a0240
4a02d0	FUN_004a02d0	lib_fn_4a02d0
4a0350	FUN_004a0350	sqlite3Malloc
4a03c0	FUN_004a03c0	sqlite3MallocAlarm
4a0440	FUN_004a0440	pcache1Initialize
4a0570	FUN_004a0570	lib_fn_4a0570
4a05b0	FUN_004a05b0	lib_fn_4a05b0
4a0720	FUN_004a0720	lib_fn_4a0720
4a0960	FUN_004a0960	StrAccumInit_or_ctor
4a0990	FUN_004a0990	lib_fn_4a0990
4a0a20	FUN_004a0a20	sqlite3_fn_4a0a20
4a0bf0	FUN_004a0bf0	sqlite3_fn_4a0bf0
4a0cd0	FUN_004a0cd0	sqlite3MutexInit
4a0d40	FUN_004a0d40	lib_fn_4a0d40
4a0da0	FUN_004a0da0	sqlite3_fn_4a0da0
4a0e40	FUN_004a0e40	sqlite3_fn_4a0e40
4a0f40	FUN_004a0f40	lib_fn_4a0f40
4a1030	FUN_004a1030	lib_fn_4a1030
4a11c0	FUN_004a11c0	sqlite3_fn_4a11c0
4a1250	FUN_004a1250	sqlite3OsClose
4a1280	FUN_004a1280	sqlite3OsCurrentTimeInt64
4a12e0	FUN_004a12e0	sqlite3_fn_4a12e0
4a1350	FUN_004a1350	sqlite3OsFileControl
4a1370	FUN_004a1370	sqlite3OsShmMap_or_v10
4a1390	FUN_004a1390	sqlite3OsWrite
4a13b0	FUN_004a13b0	sqlite3PcacheBufferSetup
4a1440	FUN_004a1440	lib_fn_4a1440
4a14c0	FUN_004a14c0	getAndInitPage
4a1670	FUN_004a1670	sqlite3_fn_4a1670
4a1760	FUN_004a1760	sqlite3_fn_4a1760
4a17a0	FUN_004a17a0	sqlite3PagerClose
4a18e0	FUN_004a18e0	sqlite3_fn_4a18e0
4a19a0	FUN_004a19a0	sqlite3PagerCommitPhaseOne
4a1bb0	FUN_004a1bb0	pager_playback_or_reset
4a1c00	FUN_004a1c00	sqlite3_fn_4a1c00
4a1c60	FUN_004a1c60	sqlite3_fn_4a1c60
4a1c90	FUN_004a1c90	lib_fn_4a1c90
4a1ce0	FUN_004a1ce0	sqlite3PagerMovepage
4a1ea0	FUN_004a1ea0	sqlite3PagerOpen
4a2310	FUN_004a2310	sqlite3_fn_4a2310
4a2440	FUN_004a2440	pager_write_dirty_or_openWal
4a24c0	FUN_004a24c0	pagerReadFileheader
4a2510	FUN_004a2510	sqlite3PagerCommitPhaseTwo_or_sync
4a25c0	FUN_004a25c0	sqlite3PagerReleaseSavepoints
4a26b0	FUN_004a26b0	sqlite3PagerSetBusyhandler
4a26f0	FUN_004a26f0	sqlite3_fn_4a26f0
4a27d0	FUN_004a27d0	sqlite3PagerSetPagesize
4a2900	FUN_004a2900	sqlite3_fn_4a2900
4a2980	FUN_004a2980	pager_playback_4a2980
4a2bd0	FUN_004a2bd0	pagerSyncHotJournal
4a2c20	FUN_004a2c20	sqlite3PagerUnrefNotNull
4a2c50	FUN_004a2c50	sqlite3_fn_4a2c50
4a2c80	FUN_004a2c80	pagerPlaybackSavepoint
4a2e90	FUN_004a2e90	sqlite3ParseUri
4a3440	FUN_004a3440	sqlite3_fn_4a3440
4a3580	FUN_004a3580	sqlite3_fn_4a3580
4a35c0	FUN_004a35c0	pagerReleaseAllSavepoints_flush
4a3620	FUN_004a3620	pcacheSortDirtyList
4a37a0	FUN_004a37a0	pcacheRelease_writeSubj
4a37e0	FUN_004a37e0	sqlite3PcacheFetch
4a3950	FUN_004a3950	pcacheMakeClean
4a39a0	FUN_004a39a0	pcacheManageDirtyList_add
4a39f0	FUN_004a39f0	sqlite3PcacheMove
4a3a60	FUN_004a3a60	pagerFileSync
4a3a80	FUN_004a3a80	sqlite3PcacheRelease
4a3b00	FUN_004a3b00	pcacheTruncate
4a3bb0	FUN_004a3bb0	sqlite3_fn_4a3bb0
4a5af0	FUN_004a5af0	sqlite3Prepare
4a5e90	FUN_004a5e90	lib_fn_4a5e90
4a5f90	FUN_004a5f90	sqlite3Put4byte
4a5fc0	FUN_004a5fc0	sqlite3_fn_4a5fc0
4a60c0	FUN_004a60c0	sqlite3_fn_4a60c0
4a6100	FUN_004a6100	sqlite3_fn_4a6100
4a6140	FUN_004a6140	sqlite3Realloc
4a6290	FUN_004a6290	sqlite3_fn_4a6290
4a6530	FUN_004a6530	registerDateTimeFunctions
4a65c0	FUN_004a65c0	sqlite3RegisterBuiltinFunctions
4a6660	FUN_004a6660	sqlite3_fn_4a6660
4a6750	FUN_004a6750	sqlite3_fn_4a6750
4a68c0	FUN_004a68c0	sqlite3_fn_4a68c0
4a68f0	FUN_004a68f0	lib_fn_4a68f0
4a6940	FUN_004a6940	lib_fn_4a6940
4a69a0	FUN_004a69a0	sqlite3_fn_4a69a0
4a69e0	FUN_004a69e0	lib_fn_4a69e0
4a6ac0	FUN_004a6ac0	sqlite3_fn_4a6ac0
4a6b70	FUN_004a6b70	lib_fn_4a6b70
4a6bb0	FUN_004a6bb0	lib_fn_4a6bb0
4a6c80	FUN_004a6c80	sqlite3_fn_4a6c80
4a6d60	FUN_004a6d60	sqlite3_fn_4a6d60
4a6dc0	FUN_004a6dc0	sqlite3_fn_4a6dc0
4a6e20	FUN_004a6e20	sqlite3ExprListClearList
4a6ed0	FUN_004a6ed0	sqlite3_fn_4a6ed0
4a6f70	FUN_004a6f70	sqlite3_fn_4a6f70
4a6fd0	FUN_004a6fd0	sqlite3_fn_4a6fd0
4a7140	FUN_004a7140	sqlite3_fn_4a7140
4a74f0	FUN_004a74f0	sqlite3_fn_4a74f0
4a7850	FUN_004a7850	sqlite3SafetyCheckOk
4a78d0	FUN_004a78d0	sqlite3_fn_4a78d0
4a7960	FUN_004a7960	sqlite3SchemaClear
4a7a80	FUN_004a7a80	sqlite3SchemaGet
4a7ba0	FUN_004a7ba0	lib_fn_4a7ba0
4a7be0	FUN_004a7be0	pcache1Free
4a7d10	FUN_004a7d10	pcache1Alloc
4a7e30	FUN_004a7e30	sqlite3_fn_4a7e30
4a9650	FUN_004a9650	sqlite3WindowListDelete_or_Cte
4a9680	FUN_004a9680	lib_fn_4a9680
4a97a0	FUN_004a97a0	sqlite3_fn_4a97a0
4a97d0	FUN_004a97d0	lib_fn_4a97d0
4a99a0	FUN_004a99a0	lib_fn_4a99a0
4a9a30	FUN_004a9a30	sqlite3SetString
4a9ac0	FUN_004a9ac0	sqlite3_fn_4a9ac0
4a9b80	FUN_004a9b80	sqlite3_fn_4a9b80
4a9c50	FUN_004a9c50	lib_fn_4a9c50
4a9cb0	FUN_004a9cb0	sqlite3SrcListDelete
4a9d60	FUN_004a9d60	lib_fn_4a9d60
4a9fc0	FUN_004a9fc0	lib_fn_4a9fc0
4aa0e0	FUN_004aa0e0	sqlite3_fn_4aa0e0
4aa130	FUN_004aa130	lib_fn_4aa130
4aa180	FUN_004aa180	sqlite3_fn_4aa180
4aa1c0	FUN_004aa1c0	sqlite3_fn_4aa1c0
4aa580	FUN_004aa580	sqlite3StatusUp
4aa5b0	FUN_004aa5b0	sqlite3StatusSet
4aa5e0	FUN_004aa5e0	sqlite3Step
4aa7b0	FUN_004aa7b0	sqlite3StrAccumAppend
4aa8f0	FUN_004aa8f0	sqlite3StrAccumFinish
4aa970	FUN_004aa970	sqlite3StrAccumReset
4aa9b0	FUN_004aa9b0	sqlite3Strlen30
4aa9e0	FUN_004aa9e0	sqlite3_fn_4aa9e0
4aaa40	FUN_004aaa40	lib_fn_4aaa40
4aab20	FUN_004aab20	lib_fn_4aab20
4aac10	FUN_004aac10	sqlite3VdbeFrameRestore
4aad60	FUN_004aad60	sqlite3_fn_4aad60
4aae20	FUN_004aae20	sqlite3_fn_4aae20
4aaea0	FUN_004aaea0	sqlite3_fn_4aaea0
4aaf60	FUN_004aaf60	lib_fn_4aaf60
4aafd0	FUN_004aafd0	sqlite3_fn_4aafd0
4ab040	FUN_004ab040	sqlite3_fn_4ab040
4ab0e0	FUN_004ab0e0	lib_fn_4ab0e0
4ab150	FUN_004ab150	sqlite3_fn_4ab150
4ab1f0	FUN_004ab1f0	sqlite3_fn_4ab1f0
4ab2d0	FUN_004ab2d0	sqlite3_fn_4ab2d0
4ab380	FUN_004ab380	sqlite3_fn_4ab380
4ab480	FUN_004ab480	sqlite3_fn_4ab480
4ad150	FUN_004ad150	lib_fn_4ad150
4ad190	FUN_004ad190	lib_fn_4ad190
4ad230	FUN_004ad230	lib_fn_4ad230
4ad280	FUN_004ad280	lib_fn_4ad280
4ad2f0	FUN_004ad2f0	sqlite3VXPrintf_toAccum
4ad370	FUN_004ad370	sqlite3VXPrintf
4ae1b0	FUN_004ae1b0	sqlite3_fn_4ae1b0
4ae250	FUN_004ae250	lib_fn_4ae250
4ae2b0	FUN_004ae2b0	sqlite3VdbeMemRelease_free
4ae300	FUN_004ae300	lib_fn_4ae300
4ae630	FUN_004ae630	sqlite3ValueNew
4ae680	FUN_004ae680	sqlite3ValueApplyAffinity
4ae730	FUN_004ae730	sqlite3_fn_4ae730
4ae760	FUN_004ae760	lib_fn_4ae760
4ae7d0	FUN_004ae7d0	lib_fn_4ae7d0
4ae830	FUN_004ae830	lib_fn_4ae830
4ae890	FUN_004ae890	lib_fn_4ae890
4ae8f0	FUN_004ae8f0	lib_fn_4ae8f0
4ae960	FUN_004ae960	lib_fn_4ae960
4aea10	FUN_004aea10	sqlite3_fn_4aea10
4aeac0	FUN_004aeac0	sqlite3_fn_4aeac0
4aebc0	FUN_004aebc0	sqlite3_fn_4aebc0
4aec30	FUN_004aec30	sqlite3VdbeChangeEncoding
4aec60	FUN_004aec60	sqlite3_fn_4aec60
4aec80	FUN_004aec80	sqlite3_fn_4aec80
4aeca0	FUN_004aeca0	sqlite3_fn_4aeca0
4aecc0	FUN_004aecc0	lib_fn_4aecc0
4aee30	FUN_004aee30	lib_fn_4aee30
4aee50	FUN_004aee50	lib_fn_4aee50
4aeea0	FUN_004aeea0	sqlite3_fn_4aeea0
4aef00	FUN_004aef00	sqlite3VdbeFreeCursorsAndProgram
4af050	FUN_004af050	sqlite3_fn_4af050
4af150	FUN_004af150	lib_fn_4af150
4af1b0	FUN_004af1b0	sqlite3_fn_4af1b0
4af250	FUN_004af250	lib_fn_4af250
4af2b0	FUN_004af2b0	sqlite3VdbeDeleteAuxData
4af300	FUN_004af300	sqlite3_fn_4af300
4af360	FUN_004af360	sqlite3_fn_4af360
4b5b10	FUN_004b5b10	sqlite3_fn_4b5b10
4b5e70	FUN_004b5e70	sqlite3VdbeDelete
4b5ee0	FUN_004b5ee0	sqlite3_fn_4b5ee0
4b5f90	FUN_004b5f90	sqlite3_fn_4b5f90
4b5ff0	FUN_004b5ff0	sqlite3_fn_4b5ff0
4b6050	FUN_004b6050	sqlite3_fn_4b6050
4b6080	FUN_004b6080	lib_fn_4b6080
4b60e0	FUN_004b60e0	sqlite3_fn_4b60e0
4b63c0	FUN_004b63c0	sqlite3_fn_4b63c0
4b6480	FUN_004b6480	sqlite3_fn_4b6480
4b65e0	FUN_004b65e0	sqlite3_fn_4b65e0
4b6650	FUN_004b6650	lib_fn_4b6650
4b6720	FUN_004b6720	lib_fn_4b6720
4b6750	FUN_004b6750	sqlite3_fn_4b6750
4b67d0	FUN_004b67d0	sqlite3VdbeList
4b6b80	FUN_004b6b80	lib_fn_4b6b80
4b6bf0	FUN_004b6bf0	sqlite3_fn_4b6bf0
4b6f10	FUN_004b6f10	lib_fn_4b6f10
4b6fa0	FUN_004b6fa0	sqlite3VdbeMemExpandBlob
4b7010	FUN_004b7010	sqlite3VdbeMemFinalize
4b70b0	FUN_004b70b0	sqlite3_fn_4b70b0
4b7260	FUN_004b7260	sqlite3VdbeMemGrow
4b7380	FUN_004b7380	sqlite3VdbeMemHandleBom
4b7410	FUN_004b7410	sqlite3_fn_4b7410
4b7490	FUN_004b7490	sqlite3VdbeMemMakeWriteable
4b7500	FUN_004b7500	sqlite3_fn_4b7500
4b7590	FUN_004b7590	sqlite3VdbeMemNulTerminate
4b75f0	FUN_004b75f0	lib_fn_4b75f0
4b7670	FUN_004b7670	sqlite3_fn_4b7670
4b76e0	FUN_004b76e0	sqlite3VdbeMemRelease
4b7720	FUN_004b7720	sqlite3VdbeMemReleaseExternal
4b7790	FUN_004b7790	lib_fn_4b7790
4b7860	FUN_004b7860	lib_fn_4b7860
4b78c0	FUN_004b78c0	sqlite3VdbeMemClearExternAndSetNull
4b7910	FUN_004b7910	sqlite3_fn_4b7910
4b79e0	FUN_004b79e0	sqlite3VdbeMemSetStr
4b7be0	FUN_004b7be0	lib_fn_4b7be0
4b7c40	FUN_004b7c40	lib_fn_4b7c40
4b7cb0	FUN_004b7cb0	lib_fn_4b7cb0
4b7cf0	FUN_004b7cf0	sqlite3VdbeMemStringify
4b7d90	FUN_004b7d90	sqlite3_fn_4b7d90
4b7dc0	FUN_004b7dc0	sqlite3VdbeMemTranslate
4b8290	FUN_004b8290	lib_fn_4b8290
4b8350	FUN_004b8350	lib_fn_4b8350
4b83b0	FUN_004b83b0	lib_fn_4b83b0
4b8560	FUN_004b8560	lib_fn_4b8560
4b8640	FUN_004b8640	sqlite3VdbeHalt
4b87b0	FUN_004b87b0	lib_fn_4b87b0
4b87d0	FUN_004b87d0	lib_fn_4b87d0
4b8a30	FUN_004b8a30	sqlite3_fn_4b8a30
4b8ae0	FUN_004b8ae0	sqlite3_fn_4b8ae0
4b8bf0	FUN_004b8bf0	sqlite3_fn_4b8bf0
4b8c10	FUN_004b8c10	lib_fn_4b8c10
4b8c50	FUN_004b8c50	sqlite3VdbeResizeMemArray
4b8cd0	FUN_004b8cd0	lib_fn_4b8cd0
4b8d00	FUN_004b8d00	sqlite3_fn_4b8d00
4b8dd0	FUN_004b8dd0	sqlite3_fn_4b8dd0
4b8e80	FUN_004b8e80	sqlite3_fn_4b8e80
4b8f40	FUN_004b8f40	sqlite3_fn_4b8f40
4b9000	FUN_004b9000	sqlite3_fn_4b9000
4b92e0	FUN_004b92e0	sqlite3_fn_4b92e0
4b9360	FUN_004b9360	sqlite3_fn_4b9360
4b9420	FUN_004b9420	sqlite3VdbeTransferError
4b9540	FUN_004b9540	sqlite3_fn_4b9540
4b9570	FUN_004b9570	lib_fn_4b9570
4b96b0	FUN_004b96b0	sqlite3_fn_4b96b0
4b96f0	FUN_004b96f0	sqlite3_fn_4b96f0
4b9790	FUN_004b9790	sqlite3_fn_4b9790
4b9870	FUN_004b9870	lib_fn_4b9870
4b9980	FUN_004b9980	sqlite3_fn_4b9980
4b9aa0	FUN_004b9aa0	sqlite3_fn_4b9aa0
4b9b30	FUN_004b9b30	sqlite3AggInfoDelete_or_columns
4b9b90	FUN_004b9b90	sqlite3_fn_4b9b90
4b9d20	FUN_004b9d20	lib_fn_4b9d20
4b9db0	FUN_004b9db0	sqlite3_fn_4b9db0
4b9ef0	FUN_004b9ef0	sqlite3_fn_4b9ef0
4b9f70	FUN_004b9f70	sqlite3_fn_4b9f70
4ba040	FUN_004ba040	sqlite3KeyInfoUnref
4ba070	FUN_004ba070	sqlite3VtabUnlockList
4ba0e0	FUN_004ba0e0	walTryBeginRead
4ba400	FUN_004ba400	sqlite3_fn_4ba400
4ba4a0	FUN_004ba4a0	sqlite3WalFrames
4ba620	FUN_004ba620	sqlite3WalClose
4ba730	FUN_004ba730	lib_fn_4ba730
4ba770	FUN_004ba770	walIteratorFree_or_restart
4ba7d0	FUN_004ba7d0	walWriteFrames_inner
4bac90	FUN_004bac90	sqlite3WalOpen
4bada0	FUN_004bada0	walFindFrame
4baf40	FUN_004baf40	sqlite3WalUndo_or_iterate
4bb020	FUN_004bb020	lib_fn_4bb020
4bb0b0	FUN_004bb0b0	lib_fn_4bb0b0
4bb100	FUN_004bb100	lib_fn_4bb100
4bb1b0	FUN_004bb1b0	lib_fn_4bb1b0
4bb240	FUN_004bb240	lib_fn_4bb240
4bbe40	FUN_004bbe40	lib_fn_4bbe40
4bc420	FUN_004bc420	sqlite3_fn_4bc420
4bc440	FUN_004bc440	sqlite3_config
4bc720	FUN_004bc720	sqlite3_fn_4bc720
4bc7b0	FUN_004bc7b0	sqlite3_fn_4bc7b0
4bc920	FUN_004bc920	sqlite3_initialize
4bcb50	FUN_004bcb50	lib_fn_4bcb50
4bcbc0	FUN_004bcbc0	pcache1_init_systeminfo
4bcc60	FUN_004bcc60	lib_fn_4bcc60
4bccb0	FUN_004bccb0	lib_fn_4bccb0
4bcd60	FUN_004bcd60	lib_fn_4bcd60
4bcd90	FUN_004bcd90	sqlite3_fn_4bcd90
4bcdb0	FUN_004bcdb0	lib_fn_4bcdb0
4bce20	FUN_004bce20	sqlite3WithDelete_or_AggFree
4bcf20	FUN_004bcf20	sqlite3_fn_4bcf20
4bd130	FUN_004bd130	sqlite3_fn_4bd130
4bd210	FUN_004bd210	sqlite3StrHash_wal
4bd250	FUN_004bd250	walDirtyPagesPresent_or_bitTest
4bd350	FUN_004bd350	subjournalPage
4bd420	FUN_004bd420	lib_fn_4bd420
4bd4e0	FUN_004bd4e0	lib_fn_4bd4e0
4bd520	FUN_004bd520	lib_fn_4bd520
4bd5d0	FUN_004bd5d0	pager_incr_changecounter
4bd7c0	FUN_004bd7c0	lib_fn_4bd7c0
4bd8f0	FUN_004bd8f0	sqlite3_fn_4bd8f0
4bd9c0	FUN_004bd9c0	sqlite3_fn_4bd9c0
4bda20	FUN_004bda20	lib_fn_4bda20
4bdb20	FUN_004bdb20	lib_fn_4bdb20
4bdb80	FUN_004bdb80	lib_fn_4bdb80
4bdc10	FUN_004bdc10	lib_fn_4bdc10
4bdc90	FUN_004bdc90	lib_fn_4bdc90
4bdd50	FUN_004bdd50	sqlite3_fn_4bdd50
4be390	FUN_004be390	sqlite3_fn_4be390
4bebc0	FUN_004bebc0	lib_fn_4bebc0
4bec40	FUN_004bec40	sqlite3_fn_4bec40
4bf360	FUN_004bf360	sqlite3_fn_4bf360
4bf420	FUN_004bf420	sqlite3_fn_4bf420
4bf4c0	FUN_004bf4c0	sqlite3_fn_4bf4c0
4bf5d0	FUN_004bf5d0	sqlite3_fn_4bf5d0
4bf650	FUN_004bf650	lib_fn_4bf650
4bf7b0	FUN_004bf7b0	sqlite3_fn_4bf7b0
4bf870	FUN_004bf870	sqlite3_fn_4bf870
4bf9a0	FUN_004bf9a0	sqlite3_fn_4bf9a0
4bfa40	FUN_004bfa40	sqlite3_fn_4bfa40
4bfab0	FUN_004bfab0	sqlite3_fn_4bfab0
4bfb50	FUN_004bfb50	sqlite3_fn_4bfb50
4bfc30	FUN_004bfc30	vdbeUnbind
4bfd90	FUN_004bfd90	pcache1RemoveFromList
4bfde0	FUN_004bfde0	sqlite3_fn_4bfde0
4bfed0	FUN_004bfed0	lib_fn_4bfed0
4c01d0	FUN_004c01d0	sqlite3VtabMoveToList
4c0220	FUN_004c0220	walBusyLock
4c0270	FUN_004c0270	walCheckpoint
4c05d0	FUN_004c05d0	walChecksumBytes
4c0690	FUN_004c0690	walCleanupHash
4c0740	FUN_004c0740	walDecodeFrame
4c0850	FUN_004c0850	walEncodeFrame
4c0910	FUN_004c0910	walIndexAppend
4c0a00	FUN_004c0a00	walIndexClose
4c0ae0	FUN_004c0ae0	walIndexPage
4c0c00	FUN_004c0c00	walIndexReadHdr
4c0d40	FUN_004c0d40	walIndexRecover
4c10b0	FUN_004c10b0	walIndexTryHdr
4c12b0	FUN_004c12b0	walIndexWriteHdr
4c1390	FUN_004c1390	walIteratorInit
4c1520	FUN_004c1520	walIteratorNext
4c15c0	FUN_004c15c0	sqlite3WalLimitSize
4c1640	FUN_004c1640	walMerge
4c1720	FUN_004c1720	walMergesort
4c1940	FUN_004c1940	walRestartHdr
4c1ad0	FUN_004c1ad0	walTryBeginRead_4c1ad0
4c1da0	FUN_004c1da0	walUnlockShared
4c1dd0	FUN_004c1dd0	walWriteToLog
4c1e80	FUN_004c1e80	lib_fn_4c1e80
4c1f00	FUN_004c1f00	lib_fn_4c1f00
4c2000	FUN_004c2000	sqlite3_fn_4c2000
4c2070	FUN_004c2070	lib_fn_4c2070
4c2110	FUN_004c2110	lib_fn_4c2110
4c2160	FUN_004c2160	sqlite3_fn_4c2160
4c2230	FUN_004c2230	lib_fn_4c2230
4c2320	FUN_004c2320	lib_fn_4c2320
4c23f0	FUN_004c23f0	lib_fn_4c23f0
4c24b0	FUN_004c24b0	lib_fn_4c24b0
4c24f0	FUN_004c24f0	lib_fn_4c24f0
4c2810	FUN_004c2810	lib_fn_4c2810
4c28e0	FUN_004c28e0	lib_fn_4c28e0
4c29b0	FUN_004c29b0	writeBigEndianToFile
4c29f0	FUN_004c29f0	pagerWriteWalHeader
4c2c10	FUN_004c2c10	walWriteWalFrames_journal
4c2dc0	FUN_004c2dc0	lib_fn_4c2dc0
4c2df0	FUN_004c2df0	lib_fn_4c2df0
4c2e90	FUN_004c2e90	lib_fn_4c2e90
4c3410	FUN_004c3410	sqlite3_fn_4c3410
4c3460	FUN_004c3460	sqlite3_fn_4c3460
4c34a0	FUN_004c34a0	sqlite3_fn_4c34a0
4c35e0	FUN_004c35e0	sqlite3_fn_4c35e0
4c3670	FUN_004c3670	sqlite3_fn_4c3670
4c5a60	FUN_004c5a60	pagerWalSyncTruncate
4c5b30	FUN_004c5b30	lib_fn_4c5b30
4c5c10	FUN_004c5c10	std_vector_Ucopy_4c5c10
4c5c60	FUN_004c5c60	std_vector_copy_ctor
4c5d90	FUN_004c5d90	std_vector_Reserve_4c5d90
4c6470	FUN_004c6470	lib_fn_4c6470
4c64b0	FUN_004c64b0	lib_fn_4c64b0
4c64f0	FUN_004c64f0	lib_fn_4c64f0
4c6540	FUN_004c6540	std_pair_ctor2
4c6560	FUN_004c6560	std_pair_copy_ctor
4c6580	FUN_004c6580	lib_fn_4c6580
4c670e	FUN_004c670e	lib_fn_4c670e
4c6770	FUN_004c6770	lib_fn_4c6770
4c67a0	FUN_004c67a0	std_Tree_Buynode_int2
4c67e0	FUN_004c67e0	std_Tree_Buynode_str
4c6820	FUN_004c6820	std_Tree_Buynode_str2
4c6860	FUN_004c6860	std_vector_of_vector_dtor
4c68e0	FUN_004c68e0	std_Tree_Rebalance_int
4c6af0	FUN_004c6af0	std_Tree_Rebalance_strkey
4c6d20	FUN_004c6d20	std_Tree_Rebalance_strkey2
4c6f50	FUN_004c6f50	std_Tree_Rebalance_strkey3
4c7180	FUN_004c7180	std_Tree_Rebalance_buynode
4c7380	FUN_004c7380	std_Tree_Insert_hint_int
4c7570	FUN_004c7570	std_Tree_Insert_hint_pair
4c77c0	FUN_004c77c0	std_Tree_Insert_hint_str
4c79b0	FUN_004c79b0	std_Tree_Insert_nohint_int
4c7ad0	FUN_004c7ad0	std_Tree_Insert_nohint_pair
4c7c50	FUN_004c7c50	std_Tree_Insert_nohint_str
4c7de0	FUN_004c7de0	std_Tree_Insert_nohint_str2
4c7f70	FUN_004c7f70	lib_fn_4c7f70
4c8020	FUN_004c8020	lib_fn_4c8020
4c80d0	FUN_004c80d0	lib_fn_4c80d0
4c8120	FUN_004c8120	identity_return
4c8130	FUN_004c8130	std_pair_ctor_swap
4c8150	FUN_004c8150	lib_fn_4c8150
4c8170	FUN_004c8170	lib_fn_4c8170
4c8280	FUN_004c8280	lib_fn_4c8280
4c82a0	FUN_004c82a0	lib_fn_4c82a0
4c8350	FUN_004c8350	lib_fn_4c8350
4c83b0	FUN_004c83b0	lib_fn_4c83b0
4c83d0	FUN_004c83d0	lib_fn_4c83d0
4c8420	FUN_004c8420	lib_fn_4c8420
4c84b0	FUN_004c84b0	lib_fn_4c84b0
4c8510	FUN_004c8510	lib_fn_4c8510
4c8530	FUN_004c8530	lib_fn_4c8530
4cd860	FUN_004cd860	lib_fn_4cd860
4cd890	FUN_004cd890	lib_fn_4cd890
4cd8c0	FUN_004cd8c0	lib_fn_4cd8c0
4cd8f0	FUN_004cd8f0	lib_fn_4cd8f0
4cde20	FUN_004cde20	std_pair_copy_ctor2
4cde40	FUN_004cde40	lib_fn_4cde40
4cde60	FUN_004cde60	std_map_operator_int
4cdef0	FUN_004cdef0	std_map_insert_pair
4ce000	FUN_004ce000	std_map_insert_str
4ce0e0	FUN_004ce0e0	std_map_insert_str2
4ce1d0	FUN_004ce1d0	lib_fn_4ce1d0
4ce1f0	FUN_004ce1f0	lib_fn_4ce1f0
4ce200	FUN_004ce200	lib_fn_4ce200
4ce220	FUN_004ce220	lib_fn_4ce220
4ce250	FUN_004ce250	lib_fn_4ce250
4ce270	FUN_004ce270	lib_fn_4ce270
4ce290	FUN_004ce290	lib_fn_4ce290
4ce2d0	FUN_004ce2d0	lib_fn_4ce2d0
4ce310	FUN_004ce310	lib_fn_4ce310
4ce350	FUN_004ce350	std_pair_less
4ce380	FUN_004ce380	std_pair_lessequal
4ce3b0	FUN_004ce3b0	std_pair_less_2
4ce500	FUN_004ce500	lib_fn_4ce500
4ce580	FUN_004ce580	lib_fn_4ce580
4ce5f0	FUN_004ce5f0	std_Tree_ctor_sentinel
4ce620	FUN_004ce620	std_List_node_alloc_0x48
4ce660	FUN_004ce660	std_List_node_alloc_0xc
4ce6a0	FUN_004ce6a0	std_Tree_node_alloc_0x30
4ce6e0	FUN_004ce6e0	lib_fn_4ce6e0
4ce720	FUN_004ce720	std_Rb_tree_destroy_recursive
4ce780	FUN_004ce780	std_Rb_tree_rotate
4ce7e0	FUN_004ce7e0	lib_fn_4ce7e0
4ce8e0	FUN_004ce8e0	lib_fn_4ce8e0
4ce990	FUN_004ce990	Speech_clear
4ce9f0	FUN_004ce9f0	CombatBehavior_pushTargetPos
4cea80	FUN_004cea80	lib_fn_4cea80
4cfcc0	FUN_004cfcc0	CombatBehavior_areHostile
4cfd50	FUN_004cfd50	stl_fn_4cfd50
4d1860	FUN_004d1860	lib_fn_4d1860
4d18c0	FUN_004d18c0	lib_fn_4d18c0
4d1950	FUN_004d1950	VoxelGrid_cellAt3D
4d19f0	FUN_004d19f0	World_sampleNoiseAt
4d1a70	FUN_004d1a70	lib_fn_4d1a70
4d2190	FUN_004d2190	lib_fn_4d2190
4d2340	FUN_004d2340	lib_fn_4d2340
4d23f0	FUN_004d23f0	lib_fn_4d23f0
4d24a0	FUN_004d24a0	lib_fn_4d24a0
4d2500	FUN_004d2500	lib_fn_4d2500
4d2810	FUN_004d2810	lib_fn_4d2810
4d2ae0	FUN_004d2ae0	lib_fn_4d2ae0
4d3de0	FUN_004d3de0	lib_fn_4d3de0
4d3df0	FUN_004d3df0	lib_fn_4d3df0
4d3e00	FUN_004d3e00	lib_fn_4d3e00
4d3e10	FUN_004d3e10	std_map_erase_range
4d3ed0	FUN_004d3ed0	std_Rb_tree_erase_node
4d4180	FUN_004d4180	std_Rb_tree_erase_node_variant
4d4430	FUN_004d4430	lib_fn_4d4430
4d4470	FUN_004d4470	lib_fn_4d4470
4d44c0	FUN_004d44c0	lib_fn_4d44c0
4d4820	FUN_004d4820	lib_fn_4d4820
4d4c20	FUN_004d4c20	RandomInteractionBehavior_findObjectAtPos
4d4d80	FUN_004d4d80	Creature_moveToward
4d4f60	FUN_004d4f60	lib_fn_4d4f60
4d4f90	FUN_004d4f90	WalkPathBehavior_checkPathClear
4d5740	FUN_004d5740	lib_fn_4d5740
4d5a80	FUN_004d5a80	World_sampleTerrainGradient
4d5c60	FUN_004d5c60	lib_fn_4d5c60
4d5c70	FUN_004d5c70	lib_fn_4d5c70
4d5c80	FUN_004d5c80	lib_fn_4d5c80
4d5d30	FUN_004d5d30	valueNoise2D
4d5f40	FUN_004d5f40	CombatBehavior_alertNearbyAllies
4d61c0	FUN_004d61c0	lib_fn_4d61c0
4d6580	FUN_004d6580	CombatBehavior_pushAlertMsg
4d65d0	FUN_004d65d0	lib_fn_4d65d0
4d6620	FUN_004d6620	lib_fn_4d6620
4d6670	FUN_004d6670	lib_fn_4d6670
4d6730	FUN_004d6730	Creature_stepAlongPath
4d7870	FUN_004d7870	lib_fn_4d7870
4d78e0	FUN_004d78e0	lib_fn_4d78e0
4d7960	FUN_004d7960	lib_fn_4d7960
4d79f0	FUN_004d79f0	lib_fn_4d79f0
4d7ae0	FUN_004d7ae0	lib_fn_4d7ae0
4d8c90	FUN_004d8c90	lib_fn_4d8c90
4d8dc0	FUN_004d8dc0	lib_fn_4d8dc0
4d8de0	FUN_004d8de0	lib_fn_4d8de0
4d8e00	FUN_004d8e00	lib_fn_4d8e00
4d8e10	FUN_004d8e10	lib_fn_4d8e10
4d8e30	FUN_004d8e30	lib_fn_4d8e30
4d8e60	FUN_004d8e60	lib_fn_4d8e60
4d8f70	FUN_004d8f70	lib_fn_4d8f70
4d8f90	FUN_004d8f90	VoxelGrid_remapCoords
4d9010	FUN_004d9010	lib_fn_4d9010
4d9160	FUN_004d9160	lib_fn_4d9160
4d9410	FUN_004d9410	lib_fn_4d9410
4d9720	FUN_004d9720	lib_fn_4d9720
4d9960	FUN_004d9960	Path_moveConstruct
4d99d0	FUN_004d99d0	lib_fn_4d99d0
4d9a10	FUN_004d9a10	lib_fn_4d9a10
4d9ac0	FUN_004d9ac0	std_Tree_node_construct_seh
4d9b50	FUN_004d9b50	Path_allocNodeAssign
4d9b70	FUN_004d9b70	std_list_insertNode3
4d9bb0	FUN_004d9bb0	std_Tree_node_move_construct
4d9be0	FUN_004d9be0	lib_fn_4d9be0
4d9c60	FUN_004d9c60	lib_fn_4d9c60
4d9d20	FUN_004d9d20	lib_fn_4d9d20
4d9de0	FUN_004d9de0	std_Rb_tree_insert_rebalance_A
4da010	FUN_004da010	std_Rb_tree_insert_rebalance_B
4da210	FUN_004da210	std_map_insert_hint_4da210
4da4a0	FUN_004da4a0	std_map_insert_unique
4da680	FUN_004da680	std_map_insert_scalarKey
4da790	FUN_004da790	std_map_insert_vectorKey
4da930	FUN_004da930	std_lexicographical_less
4da990	FUN_004da990	lib_fn_4da990
4da9c0	FUN_004da9c0	std_copy_ints
4da9f0	FUN_004da9f0	lib_fn_4da9f0
4daa80	FUN_004daa80	std_vector_copyConstruct
4dab30	FUN_004dab30	lib_fn_4dab30
4dab60	FUN_004dab60	Object_construct6
4dab90	FUN_004dab90	lib_fn_4dab90
4daca0	FUN_004daca0	std_map_insertOrAssign
4dad80	FUN_004dad80	std_Rb_tree_increment
4dade0	FUN_004dade0	lib_fn_4dade0
4dae20	FUN_004dae20	std_vector_reserve_4dae20
4dae90	FUN_004dae90	std_Tree_node_alloc_0x14
4daed0	FUN_004daed0	std_Tree_node_alloc_0x34
4daf10	FUN_004daf10	lib_fn_4daf10
4daf50	FUN_004daf50	std_map_lower_bound_vecKey
4dafe0	FUN_004dafe0	NavGraph_reconstructPath
4db1b0	FUN_004db1b0	lib_fn_4db1b0
4db200	FUN_004db200	lib_fn_4db200
4dcff0	FUN_004dcff0	NavGraph_openSetContains
4dd090	FUN_004dd090	NavGraph_heuristicCost
4dd0f0	FUN_004dd0f0	NavGraph_lookupNode
4dd1a0	FUN_004dd1a0	NavGraph_addNode
4dd2e0	FUN_004dd2e0	NavGraph_expandNeighbors
4dde00	FUN_004dde00	lib_fn_4dde00
4dde90	FUN_004dde90	NavGraph_findPath
4e0700	FUN_004e0700	lib_fn_4e0700
4e0740	FUN_004e0740	lib_fn_4e0740
4e1200	FUN_004e1200	lib_fn_4e1200
4e1230	FUN_004e1230	lib_fn_4e1230
4e1280	FUN_004e1280	lib_fn_4e1280
4e1370	FUN_004e1370	lib_fn_4e1370
4e1420	FUN_004e1420	lib_fn_4e1420
4e14e0	FUN_004e14e0	lib_fn_4e14e0
4e1520	FUN_004e1520	lib_fn_4e1520
4e1560	FUN_004e1560	lib_fn_4e1560
4e15f0	FUN_004e15f0	lib_fn_4e15f0
4e16f0	FUN_004e16f0	lib_fn_4e16f0
4e17c0	FUN_004e17c0	lib_fn_4e17c0
4e1870	FUN_004e1870	lib_fn_4e1870
4e1910	FUN_004e1910	lib_fn_4e1910
4e1950	FUN_004e1950	lib_fn_4e1950
4e19f0	FUN_004e19f0	lib_fn_4e19f0
4e1ae0	FUN_004e1ae0	lib_fn_4e1ae0
4e1b40	FUN_004e1b40	lib_fn_4e1b40
4e1d70	FUN_004e1d70	lib_fn_4e1d70
4e1db0	FUN_004e1db0	lib_fn_4e1db0
4e1e00	FUN_004e1e00	lib_fn_4e1e00
4e1e50	FUN_004e1e50	lib_fn_4e1e50
4e1e90	FUN_004e1e90	lib_fn_4e1e90
4e1eb0	FUN_004e1eb0	lib_fn_4e1eb0
4e1ed0	FUN_004e1ed0	lib_fn_4e1ed0
4e20d0	FUN_004e20d0	lib_fn_4e20d0
4e2110	FUN_004e2110	lib_fn_4e2110
4e2190	FUN_004e2190	lib_fn_4e2190
4e2320	FUN_004e2320	lib_fn_4e2320
4e2330	FUN_004e2330	lib_fn_4e2330
4e2350	FUN_004e2350	lib_fn_4e2350
4e2360	FUN_004e2360	lib_fn_4e2360
4e23b0	FUN_004e23b0	lib_fn_4e23b0
4e2400	FUN_004e2400	lib_fn_4e2400
4e2500	FUN_004e2500	lib_fn_4e2500
4e25e0	FUN_004e25e0	lib_fn_4e25e0
4e26c0	FUN_004e26c0	lib_fn_4e26c0
4e2730	FUN_004e2730	lib_fn_4e2730
4e27b0	FUN_004e27b0	lib_fn_4e27b0
4e2830	FUN_004e2830	lib_fn_4e2830
4e2840	FUN_004e2840	lib_fn_4e2840
4e28d0	FUN_004e28d0	lib_fn_4e28d0
4e28e0	FUN_004e28e0	lib_fn_4e28e0
4f2be0	FUN_004f2be0	std_vector_push_back_int
4f2c50	FUN_004f2c50	lib_fn_4f2c50
4f2cd0	FUN_004f2cd0	lib_fn_4f2cd0
4f2ee0	FUN_004f2ee0	lib_fn_4f2ee0
4f3490	FUN_004f3490	lib_fn_4f3490
4f3630	FUN_004f3630	lib_fn_4f3630
4f36f0	FUN_004f36f0	lib_fn_4f36f0
4f3820	FUN_004f3820	lib_fn_4f3820
4f3840	FUN_004f3840	lib_fn_4f3840
4f3850	FUN_004f3850	lib_fn_4f3850
4f3880	FUN_004f3880	lib_fn_4f3880
4f38a0	FUN_004f38a0	lib_fn_4f38a0
4f3940	FUN_004f3940	lib_fn_4f3940
4f39e0	FUN_004f39e0	lib_fn_4f39e0
4f3a80	FUN_004f3a80	lib_fn_4f3a80
4f3b20	FUN_004f3b20	lib_fn_4f3b20
4f3b60	FUN_004f3b60	lib_fn_4f3b60
4f3ba0	FUN_004f3ba0	lib_fn_4f3ba0
4f3bf0	FUN_004f3bf0	lib_fn_4f3bf0
4f3c60	FUN_004f3c60	stl_fn_4f3c60
4f3e70	FUN_004f3e70	std_Rb_tree_insert_rebalance_C
4f4080	FUN_004f4080	lib_fn_4f4080
4f42d0	FUN_004f42d0	lib_fn_4f42d0
4f4560	FUN_004f4560	lib_fn_4f4560
4f46c0	FUN_004f46c0	lib_fn_4f46c0
4f4860	FUN_004f4860	lib_fn_4f4860
4f4940	FUN_004f4940	lib_fn_4f4940
4f49d0	FUN_004f49d0	lib_fn_4f49d0
4f4ab0	FUN_004f4ab0	lib_fn_4f4ab0
4f4b50	FUN_004f4b50	lib_fn_4f4b50
4f4cb0	FUN_004f4cb0	lib_fn_4f4cb0
4f4dd0	FUN_004f4dd0	lib_fn_4f4dd0
4f4f30	FUN_004f4f30	lib_fn_4f4f30
4f5050	FUN_004f5050	lib_fn_4f5050
4f50e0	FUN_004f50e0	lib_fn_4f50e0
4f5170	FUN_004f5170	lib_fn_4f5170
4f5500	FUN_004f5500	lib_fn_4f5500
4f55b0	FUN_004f55b0	lib_fn_4f55b0
4f5940	FUN_004f5940	lib_fn_4f5940
4f59f0	FUN_004f59f0	lib_fn_4f59f0
4f5ac0	FUN_004f5ac0	lib_fn_4f5ac0
4f5b40	FUN_004f5b40	lib_fn_4f5b40
4f5bc0	FUN_004f5bc0	lib_fn_4f5bc0
4f5c40	FUN_004f5c40	lib_fn_4f5c40
4f5cc0	FUN_004f5cc0	lib_fn_4f5cc0
4f5e00	FUN_004f5e00	lib_fn_4f5e00
4f5f40	FUN_004f5f40	lib_fn_4f5f40
4f6080	FUN_004f6080	lib_fn_4f6080
4f61c0	FUN_004f61c0	lib_fn_4f61c0
4f6280	FUN_004f6280	lib_fn_4f6280
4f6330	FUN_004f6330	lib_fn_4f6330
4f63f0	FUN_004f63f0	lib_fn_4f63f0
4f64a0	FUN_004f64a0	lib_fn_4f64a0
4f67f0	FUN_004f67f0	lib_fn_4f67f0
4f6a60	FUN_004f6a60	lib_fn_4f6a60
4f6db0	FUN_004f6db0	lib_fn_4f6db0
4f70f0	FUN_004f70f0	lib_fn_4f70f0
4f7130	FUN_004f7130	lib_fn_4f7130
4f71e0	FUN_004f71e0	lib_fn_4f71e0
4f7230	FUN_004f7230	lib_fn_4f7230
4f7270	FUN_004f7270	lib_fn_4f7270
4f72d0	FUN_004f72d0	lib_fn_4f72d0
4f72f0	FUN_004f72f0	lib_fn_4f72f0
4f7310	FUN_004f7310	lib_fn_4f7310
4f7330	FUN_004f7330	lib_fn_4f7330
4f7350	FUN_004f7350	lib_fn_4f7350
4f7400	FUN_004f7400	lib_fn_4f7400
4f7490	FUN_004f7490	lib_fn_4f7490
4f7540	FUN_004f7540	lib_fn_4f7540
4f7620	FUN_004f7620	lib_fn_4f7620
4f7660	FUN_004f7660	Region_ctor
4f7710	FUN_004f7710	lib_fn_4f7710
4f7740	FUN_004f7740	lib_fn_4f7740
4f77a0	FUN_004f77a0	lib_fn_4f77a0
4f7890	FUN_004f7890	lib_fn_4f7890
4f7910	FUN_004f7910	lib_fn_4f7910
4f79b0	FUN_004f79b0	lib_fn_4f79b0
4f79d0	FUN_004f79d0	lib_fn_4f79d0
4f79f0	FUN_004f79f0	lib_fn_4f79f0
4f7a30	FUN_004f7a30	lib_fn_4f7a30
4f7a70	FUN_004f7a70	lib_fn_4f7a70
4f7ab0	FUN_004f7ab0	lib_fn_4f7ab0
4f7b60	FUN_004f7b60	std_List_node_alloc_0x20
4f7ba0	FUN_004f7ba0	std_Tree_node_alloc_0x1c
4f7be0	FUN_004f7be0	std_Tree_node_alloc_0x20b
4f7c20	FUN_004f7c20	std_Rb_tree_destroy_recursive_B
4f7c60	FUN_004f7c60	std_map_lower_bound_2key
4f7ca0	FUN_004f7ca0	lib_fn_4f7ca0
4f7d00	FUN_004f7d00	lib_fn_4f7d00
4f7df0	FUN_004f7df0	lib_fn_4f7df0
4f7ef0	FUN_004f7ef0	lib_fn_4f7ef0
4f7fe0	FUN_004f7fe0	lib_fn_4f7fe0
4f80d0	FUN_004f80d0	lib_fn_4f80d0
4f8180	FUN_004f8180	lib_fn_4f8180
4f8230	FUN_004f8230	lib_fn_4f8230
4f82d0	FUN_004f82d0	lib_fn_4f82d0
4f84a0	FUN_004f84a0	lib_fn_4f84a0
4f8520	FUN_004f8520	std_map_clear
4f8570	FUN_004f8570	lib_fn_4f8570
4f8b40	FUN_004f8b40	lib_fn_4f8b40
4f9010	FUN_004f9010	lib_fn_4f9010
4f9450	FUN_004f9450	lib_fn_4f9450
4f9b70	FUN_004f9b70	World_generateBiomeSample
4fae90	FUN_004fae90	lib_fn_4fae90
4fb480	FUN_004fb480	lib_fn_4fb480
4fc060	FUN_004fc060	std_map_erase_range_B
4fc100	FUN_004fc100	lib_fn_4fc100
4fc140	FUN_004fc140	lib_fn_4fc140
4fc180	FUN_004fc180	lib_fn_4fc180
4fd920	FUN_004fd920	lib_fn_4fd920
4fdd80	FUN_004fdd80	lib_fn_4fdd80
4fde90	FUN_004fde90	lib_fn_4fde90
4febd0	FUN_004febd0	World_findNearestFeatureCell
4feec0	FUN_004feec0	lib_fn_4feec0
4ff1a0	FUN_004ff1a0	lib_fn_4ff1a0
4ff340	FUN_004ff340	lib_fn_4ff340
4ff3f0	FUN_004ff3f0	lib_fn_4ff3f0
4ffbf0	FUN_004ffbf0	lib_fn_4ffbf0
500300	FUN_00500300	lib_fn_500300
509e40	FUN_00509e40	stl_fn_509e40
50b870	FUN_0050b870	lib_fn_50b870
50bd60	FUN_0050bd60	lib_fn_50bd60
50c550	FUN_0050c550	lib_fn_50c550
50d260	FUN_0050d260	lib_fn_50d260
50d8d0	FUN_0050d8d0	stl_fn_50d8d0
5104e0	FUN_005104e0	lib_fn_5104e0
513400	FUN_00513400	lib_fn_513400
513760	FUN_00513760	lib_fn_513760
518630	FUN_00518630	lib_fn_518630
521ed0	FUN_00521ed0	lib_fn_521ed0
522290	FUN_00522290	lib_fn_522290
522320	FUN_00522320	lib_fn_522320
522580	FUN_00522580	lib_fn_522580
522820	FUN_00522820	lib_fn_522820
522840	FUN_00522840	World_computeSlopeShade
522cc0	FUN_00522cc0	stub_securityCookie
522d80	FUN_00522d80	World_terrainOffset2D
522e20	FUN_00522e20	World_waterProximityInfluence
523380	FUN_00523380	pointSegmentDistanceSq
5234b0	FUN_005234b0	lib_fn_5234b0
5236d0	FUN_005236d0	lib_fn_5236d0
523b90	FUN_00523b90	lib_fn_523b90
523d80	FUN_00523d80	lib_fn_523d80
524500	FUN_00524500	lib_fn_524500
524540	FUN_00524540	lib_fn_524540
5283b0	FUN_005283b0	lib_fn_5283b0
528400	FUN_00528400	lib_fn_528400
528450	FUN_00528450	lib_fn_528450
5284a0	FUN_005284a0	lib_fn_5284a0
528530	FUN_00528530	lib_fn_528530
5285c0	FUN_005285c0	lib_fn_5285c0
5286a0	FUN_005286a0	lib_fn_5286a0
528730	FUN_00528730	lib_fn_528730
5287b0	FUN_005287b0	lib_fn_5287b0
528bf0	FUN_00528bf0	lib_fn_528bf0
5290d0	FUN_005290d0	lib_fn_5290d0
52a760	FUN_0052a760	lib_fn_52a760
52a830	FUN_0052a830	lib_fn_52a830
52ae10	FUN_0052ae10	lib_fn_52ae10
52b1c0	FUN_0052b1c0	lib_fn_52b1c0
52b230	FUN_0052b230	lib_fn_52b230
52b3f0	FUN_0052b3f0	lib_fn_52b3f0
52b470	FUN_0052b470	lib_fn_52b470
52bf40	FUN_0052bf40	lib_fn_52bf40
52bfa0	FUN_0052bfa0	lib_fn_52bfa0
52c160	FUN_0052c160	lib_fn_52c160
52c370	FUN_0052c370	lib_fn_52c370
52c4e0	FUN_0052c4e0	lib_fn_52c4e0
52c820	FUN_0052c820	World_objectFalloffWeight
52cd50	FUN_0052cd50	World_sampleTerrainHeight
52d030	FUN_0052d030	lib_fn_52d030
52d5d0	FUN_0052d5d0	lib_fn_52d5d0
52d820	FUN_0052d820	lib_fn_52d820
52d840	FUN_0052d840	lib_fn_52d840
52d860	FUN_0052d860	lib_fn_52d860
52d870	FUN_0052d870	lib_fn_52d870
52d990	FUN_0052d990	World_computeClimateColor
52db90	FUN_0052db90	lib_fn_52db90
52dde0	FUN_0052dde0	lib_fn_52dde0
52de60	FUN_0052de60	lib_fn_52de60
52dee0	FUN_0052dee0	World_falloffSquared
52df20	FUN_0052df20	lib_fn_52df20
52df40	FUN_0052df40	lib_fn_52df40
52df80	FUN_0052df80	std_Tree_node_alloc_assign2
52dfb0	FUN_0052dfb0	std_list_insertNode1
52dfd0	FUN_0052dfd0	lib_fn_52dfd0
52e040	FUN_0052e040	lib_fn_52e040
52e0c0	FUN_0052e0c0	lib_fn_52e0c0
52e120	FUN_0052e120	lib_fn_52e120
52e1e0	FUN_0052e1e0	lib_fn_52e1e0
52e250	FUN_0052e250	stl_fn_52e250
52e450	FUN_0052e450	lib_fn_52e450
52e590	FUN_0052e590	lib_fn_52e590
52e660	FUN_0052e660	lib_fn_52e660
52e6b0	FUN_0052e6b0	lib_fn_52e6b0
52e710	FUN_0052e710	lib_fn_52e710
52e7c0	FUN_0052e7c0	lib_fn_52e7c0
52e890	FUN_0052e890	lib_fn_52e890
52e930	FUN_0052e930	lib_fn_52e930
52e950	FUN_0052e950	lib_fn_52e950
52e9e0	FUN_0052e9e0	lib_fn_52e9e0
52ea70	FUN_0052ea70	lib_fn_52ea70
52eb90	FUN_0052eb90	lib_fn_52eb90
52eba0	FUN_0052eba0	lib_fn_52eba0
52ebb0	FUN_0052ebb0	lib_fn_52ebb0
52ebf0	FUN_0052ebf0	lib_fn_52ebf0
52ec10	FUN_0052ec10	lib_fn_52ec10
52ec30	FUN_0052ec30	lib_fn_52ec30
52ec80	FUN_0052ec80	lib_fn_52ec80
52ecc0	FUN_0052ecc0	lib_fn_52ecc0
52ed30	FUN_0052ed30	std_List_init_sentinel
52ed60	FUN_0052ed60	std_Tree_node_alloc_0x18
52eda0	FUN_0052eda0	lib_fn_52eda0
52ee80	FUN_0052ee80	lib_fn_52ee80
52ef00	FUN_0052ef00	Creature_resolveSeparation
530470	FUN_00530470	lib_fn_530470
530540	FUN_00530540	lib_fn_530540
530550	FUN_00530550	World_getField0
530560	FUN_00530560	lib_fn_530560
5305b0	FUN_005305b0	lib_fn_5305b0
530600	FUN_00530600	std_map_lower_bound_yx
530680	FUN_00530680	lib_fn_530680
530690	FUN_00530690	lib_fn_530690
5306c0	FUN_005306c0	lib_fn_5306c0
5306d0	FUN_005306d0	lib_fn_5306d0
5307f0	FUN_005307f0	lib_fn_5307f0
530840	FUN_00530840	lib_fn_530840
5308b0	FUN_005308b0	lib_fn_5308b0
5322d0	FUN_005322d0	lib_fn_5322d0
548b00	FUN_00548b00	lib_fn_548b00
548b20	FUN_00548b20	lib_fn_548b20
548b40	FUN_00548b40	lib_fn_548b40
548db0	FUN_00548db0	lib_fn_548db0
549200	FUN_00549200	lib_fn_549200
5492ad	FUN_005492ad	lib_fn_5492ad
549300	FUN_00549300	lib_fn_549300
549550	FUN_00549550	lib_fn_549550
54a6ce	FUN_0054a6ce	operator_new_wrapper
54a6d7	FUN_0054a6d7	lib_fn_54a6d7
54a6ec	FUN_0054a6ec	lib_fn_54a6ec
54a89a	FUN_0054a89a	lib_fn_54a89a
54a910	FUN_0054a910	lib_fn_54a910
54a946	FUN_0054a946	ftol2_round
54ada6	FUN_0054ada6	eh_vector_ctor_iter_unwind
54ae15	FUN_0054ae15	eh_vector_dtor_iter_unwind
54b4c9	FUN_0054b4c9	lib_fn_54b4c9
54b644	FUN_0054b644	lib_fn_54b644
54b6a0	FUN_0054b6a0	lib_fn_54b6a0
54b88b	FUN_0054b88b	lib_fn_54b88b
54b8ab	FUN_0054b8ab	lib_fn_54b8ab
54b8cb	FUN_0054b8cb	lib_fn_54b8cb
556890	FUN_00556890	lib_fn_556890
5568c0	FUN_005568c0	lib_fn_5568c0
5568f0	FUN_005568f0	lib_fn_5568f0
556920	FUN_00556920	lib_fn_556920
556950	FUN_00556950	lib_fn_556950
556980	FUN_00556980	lib_fn_556980
5569b0	FUN_005569b0	lib_fn_5569b0
5569e0	FUN_005569e0	lib_fn_5569e0
556a10	FUN_00556a10	lib_fn_556a10
556a40	FUN_00556a40	lib_fn_556a40
556a70	FUN_00556a70	lib_fn_556a70
556aa0	FUN_00556aa0	lib_fn_556aa0
556ad0	FUN_00556ad0	lib_fn_556ad0
556b00	FUN_00556b00	lib_fn_556b00
556b30	FUN_00556b30	lib_fn_556b30
556b60	FUN_00556b60	lib_fn_556b60
556b90	FUN_00556b90	lib_fn_556b90
556bc0	FUN_00556bc0	lib_fn_556bc0
556bf0	FUN_00556bf0	lib_fn_556bf0
556c20	FUN_00556c20	lib_fn_556c20
556c50	FUN_00556c50	lib_fn_556c50
556c80	FUN_00556c80	lib_fn_556c80
556cb0	FUN_00556cb0	lib_fn_556cb0
556ce0	FUN_00556ce0	lib_fn_556ce0
556d10	FUN_00556d10	lib_fn_556d10
556d40	FUN_00556d40	lib_fn_556d40
556d70	FUN_00556d70	lib_fn_556d70
556da0	FUN_00556da0	lib_fn_556da0
556dd0	FUN_00556dd0	lib_fn_556dd0
556e00	FUN_00556e00	lib_fn_556e00
556e30	FUN_00556e30	lib_fn_556e30
556e60	FUN_00556e60	lib_fn_556e60
556e90	FUN_00556e90	lib_fn_556e90
556ec0	FUN_00556ec0	lib_fn_556ec0
556ef0	FUN_00556ef0	lib_fn_556ef0
556f20	FUN_00556f20	lib_fn_556f20
556f50	FUN_00556f50	lib_fn_556f50
556f80	FUN_00556f80	lib_fn_556f80
556fb0	FUN_00556fb0	lib_fn_556fb0
556ff0	FUN_00556ff0	lib_fn_556ff0
557020	FUN_00557020	lib_fn_557020
557050	FUN_00557050	lib_fn_557050
557080	FUN_00557080	lib_fn_557080
5570b0	FUN_005570b0	lib_fn_5570b0
5570e0	FUN_005570e0	lib_fn_5570e0
557110	FUN_00557110	lib_fn_557110
557140	FUN_00557140	lib_fn_557140
557170	FUN_00557170	lib_fn_557170
5571a0	FUN_005571a0	lib_fn_5571a0
5571d0	FUN_005571d0	lib_fn_5571d0
557200	FUN_00557200	lib_fn_557200
557230	FUN_00557230	lib_fn_557230
557260	FUN_00557260	lib_fn_557260
557290	FUN_00557290	lib_fn_557290
5572c0	FUN_005572c0	lib_fn_5572c0
5572f0	FUN_005572f0	lib_fn_5572f0
557320	FUN_00557320	lib_fn_557320
557350	FUN_00557350	lib_fn_557350
557380	FUN_00557380	lib_fn_557380
5573b0	FUN_005573b0	lib_fn_5573b0
5573e0	FUN_005573e0	lib_fn_5573e0
557410	FUN_00557410	lib_fn_557410
557440	FUN_00557440	lib_fn_557440
557470	FUN_00557470	lib_fn_557470
5574a0	FUN_005574a0	lib_fn_5574a0
5574d0	FUN_005574d0	lib_fn_5574d0
557500	FUN_00557500	lib_fn_557500
557530	FUN_00557530	lib_fn_557530
557560	FUN_00557560	lib_fn_557560
557590	FUN_00557590	lib_fn_557590
5575c0	FUN_005575c0	lib_fn_5575c0
5575f0	FUN_005575f0	lib_fn_5575f0
55765b	FUN_0055765b	lib_fn_55765b
